{"m": 25, "N": 250, "muj": [-8.236892890689743, -4.791812910196956, -3.422177068522157, -2.682702291049055, -2.2631976613527676, -2.0451725753011205, -1.9717259096042974, -2.012205557072929, -2.14932184096218, -2.3735927634641785, -2.680723127150474, -3.0703634818828114, -3.545638652835403, -4.113215368351636, -4.783876813138371, -5.57373284540708, -6.506412511149267, -7.616998522563194, -8.959401622422485, -10.621318953475301, -12.758375221648318, -15.687221627101083, -20.22769905647955, -30.18273422043706], "mub": [-13.217047048236287, -9.426260427822578, -7.695198712237557, -6.57708094529988, -5.759993472035035, -5.123450704774283, -4.608223722396716, -4.180921394683025, -3.8210008405706724, -3.515075335808227, -3.254106935836469, -3.031907013536587, -2.844298393423722, -2.688649472204431, -2.5636474214631515, -2.469259654605579, -2.406892333863418, -2.3798266383339923, -2.3941497651211123, -2.460735067249824, -2.599841630589642, -2.8537337549037667, -3.333147475342604, -4.554214944388654], "score1": [9, 5, 19, 12, 21, 7, 5, 15, 22, 9, 10, 11, 5, 6, 17, 15, 5, 19, 11, 15, 15, 20, 4, 19, 7, 13, 19, 22, 17, 12, 16, 12, 8, 7, 5, 6, 7, 12, 8, 19, 7, 14, 14, 12, 21, 16, 6, 7, 8, 9, 7, 16, 12, 13, 12, 21, 18, 11, 14, 21, 8, 7, 15, 6, 14, 22, 19, 8, 13, 23, 10, 17, 12, 7, 10, 8, 12, 22, 11, 10, 23, 8, 8, 12, 6, 14, 20, 9, 20, 22, 8, 16, 7, 13, 17, 12, 12, 17, 12, 13, 9, 20, 14, 16, 21, 6, 18, 21, 22, 22, 13, 9, 8, 13, 23, 21, 11, 10, 20, 6, 7, 17, 9, 22, 20, 18, 8, 13, 11, 11, 11, 13, 8, 10, 13, 23, 11, 13, 9, 23, 16, 17, 15, 12, 13, 17, 7, 22, 8, 7, 4, 20, 23, 14, 22, 15, 19, 7, 21, 7, 20, 8, 8, 23, 15, 9, 15, 16, 8, 10, 12, 10, 14, 6, 13, 22, 7, 12, 17, 20, 15, 15, 20, 23, 7, 19, 5, 21, 7, 16, 22, 22, 6, 7, 21, 22, 7, 22, 11, 22, 9, 16, 10, 14, 22, 7, 6, 18, 11, 23, 10, 14, 23, 10, 7, 15, 11, 10, 13, 2, 6, 9, 17, 8, 13, 16, 20, 23, 20, 20, 21, 10, 11, 5, 16, 9, 11, 20, 17, 13, 22, 14, 9, 9, 9, 17, 18, 22, 19, 9], "score2": [13, 23, 21, 12, 11, 5, 11, 21, 20, 13, 10, 12, 21, 10, 10, 18, 13, 5, 8, 13, 20, 22, 19, 20, 11, 22, 20, 19, 12, 6, 12, 6, 6, 21, 7, 13, 9, 13, 8, 8, 10, 14, 22, 3, 6, 11, 10, 22, 14, 12, 11, 10, 11, 11, 17, 21, 22, 11, 19, 9, 8, 20, 22, 7, 19, 11, 7, 18, 10, 21, 17, 12, 9, 5, 6, 8, 22, 20, 14, 11, 20, 4, 5, 4, 20, 5, 3, 16, 18, 5, 10, 13, 9, 13, 16, 16, 6, 20, 6, 5, 15, 4, 6, 14, 12, 13, 12, 7, 8, 12, 21, 9, 16, 8, 19, 22, 9, 6, 11, 9, 10, 6, 22, 21, 6, 12, 11, 20, 14, 19, 13, 14, 9, 13, 4, 13, 8, 12, 3, 14, 14, 4, 16, 11, 17, 9, 5, 22, 10, 5, 8, 19, 11, 21, 10, 13, 13, 15, 19, 5, 10, 12, 9, 14, 20, 6, 7, 19, 13, 20, 12, 9, 14, 9, 13, 12, 14, 22, 18, 13, 10, 4, 17, 19, 9, 6, 21, 7, 12, 21, 22, 12, 9, 10, 23, 16, 5, 14, 6, 21, 13, 15, 12, 18, 11, 15, 11, 20, 11, 16, 24, 8, 16, 19, 7, 21, 4, 19, 19, 6, 7, 20, 13, 10, 12, 13, 8, 18, 7, 14, 16, 5, 20, 8, 24, 11, 23, 16, 18, 11, 10, 13, 22, 17, 20, 3, 15, 19, 4, 9], "score3": [19, 4, 14, 10, 10, 7, 10, 14, 7, 13, 5, 16, 13, 14, 10, 23, 15, 14, 15, 21, 12, 20, 21, 11, 21, 10, 9, 10, 18, 22, 15, 12, 14, 18, 17, 22, 7, 18, 5, 6, 8, 19, 13, 7, 15, 8, 10, 22, 20, 6, 21, 5, 20, 21, 21, 20, 20, 7, 14, 15, 6, 11, 5, 13, 15, 18, 9, 13, 19, 11, 11, 10, 20, 10, 16, 7, 11, 14, 13, 7, 22, 8, 5, 13, 16, 6, 12, 14, 16, 24, 15, 9, 16, 18, 21, 8, 18, 11, 13, 9, 10, 19, 10, 12, 18, 21, 7, 16, 14, 15, 6, 22, 8, 11, 9, 13, 19, 9, 9, 19, 10, 23, 7, 11, 21, 24, 14, 16, 9, 11, 15, 24, 13, 9, 16, 11, 21, 8, 22, 13, 22, 20, 11, 12, 11, 7, 9, 21, 6, 12, 8, 23, 18, 10, 7, 19, 21, 14, 22, 14, 11, 9, 6, 4, 4, 9, 11, 22, 8, 12, 5, 16, 13, 8, 9, 12, 9, 12, 13, 5, 8, 16, 21, 13, 6, 20, 14, 6, 9, 16, 21, 13, 8, 8, 12, 15, 20, 10, 11, 9, 7, 9, 17, 10, 21, 23, 12, 20, 6, 15, 23, 23, 14, 14, 10, 6, 4, 15, 22, 10, 14, 22, 12, 18, 16, 7, 11, 5, 8, 24, 21, 12, 8, 20, 14, 7, 13, 10, 10, 13, 9, 10, 14, 22, 8, 7, 18, 16, 9, 7], "score4": [6, 11, 22, 22, 18, 6, 13, 22, 6, 19, 8, 7, 22, 18, 14, 17, 19, 8, 10, 10, 12, 15, 16, 16, 22, 15, 13, 12, 6, 21, 12, 10, 11, 13, 22, 5, 22, 19, 12, 13, 12, 23, 14, 6, 8, 16, 5, 10, 12, 5, 7, 8, 8, 10, 17, 14, 18, 14, 9, 21, 21, 12, 11, 6, 7, 11, 10, 13, 15, 9, 3, 21, 17, 12, 7, 8, 13, 15, 19, 5, 11, 19, 5, 14, 21, 11, 4, 6, 23, 5, 22, 22, 7, 22, 15, 5, 7, 23, 23, 15, 8, 12, 7, 5, 7, 6, 19, 15, 9, 12, 19, 11, 4, 19, 7, 13, 6, 5, 18, 21, 13, 12, 23, 10, 21, 10, 10, 8, 22, 17, 8, 5, 8, 15, 22, 15, 21, 21, 11, 13, 6, 4, 13, 8, 9, 16, 6, 21, 13, 14, 8, 21, 21, 7, 6, 22, 23, 17, 17, 22, 16, 11, 20, 13, 12, 8, 11, 1, 11, 16, 22, 22, 22, 12, 12, 9, 8, 17, 21, 21, 13, 6, 10, 20, 13, 8, 6, 22, 7, 19, 23, 17, 13, 12, 7, 14, 14, 19, 9, 6, 6, 16, 19, 13, 6, 22, 4, 18, 12, 14, 23, 5, 13, 6, 7, 18, 12, 11, 19, 19, 7, 7, 11, 14, 19, 14, 15, 12, 7, 21, 21, 22, 22, 15, 13, 11, 11, 22, 24, 9, 16, 8, 7, 8, 15, 17, 15, 10, 19, 9], "permutation_factor": 0.16666666666666666, "mu_sigma": 0.3, "sigma_sigma": 0.1, "mu_correlation": 3.0, "sigma_correlation": 1}