{"m": 25, "N": 100, "w_j_mode": 8, "w_b_mode": 20, "muj": [0.00026470544176951426, 0.008297401294964117, 0.032641295192780063, 0.06837812666816664, 0.10401734016817481, 0.12935786407863148, 0.13921637387261152, 0.13369348065298536, 0.11656317934942335, 0.09314547474043704, 0.06851359219794467, 0.046404284674850006, 0.028850191368241934, 0.016355102213184123, 0.008363512261517549, 0.0037962830130822997, 0.0014938292173586592, 0.0004920163931762154, 0.00012852313609258405, 2.4390448591374603e-05, 2.878114339025749e-06, 1.5386017106388004e-07, 1.641428304961554e-09, 7.79480184558857e-14], "mub": [1.819321282309281e-06, 8.057997182750407e-05, 0.00045500656423032407, 0.0013919064214494763, 0.0031511321688576974, 0.005955436942719867, 0.009969511208920563, 0.015284418095174196, 0.02190586564017813, 0.0297455619637335, 0.038615291201618274, 0.04822358734906818, 0.058175068435368495, 0.0679726763999321, 0.07702329106807554, 0.08464750419904458, 0.09009484467094296, 0.09256662362350072, 0.09125023007789623, 0.08537217360849174, 0.07428534180859303, 0.057628747058455485, 0.035680624260162205, 0.010522757940476761], "score": [[19, 18, 16, 20], [23, 16, 21, 18], [8, 9, 6, 22], [23, 21, 17, 21], [11, 23, 18, 16], [17, 19, 6, 19], [17, 11, 20, 8], [20, 12, 10, 14], [20, 11, 20, 15], [10, 8, 9, 10], [15, 21, 23, 20], [17, 5, 23, 16], [7, 14, 10, 14], [19, 14, 7, 22], [22, 9, 14, 5], [11, 13, 7, 8], [14, 21, 3, 11], [7, 10, 10, 10], [17, 22, 20, 14], [8, 13, 10, 13], [18, 23, 20, 16], [16, 21, 11, 7], [6, 5, 8, 10], [15, 13, 11, 9], [7, 10, 9, 6], [11, 19, 6, 13], [21, 19, 16, 8], [5, 6, 13, 8], [21, 15, 17, 15], [7, 23, 20, 8], [5, 11, 24, 14], [21, 23, 18, 13], [13, 12, 13, 9], [16, 18, 22, 10], [24, 10, 14, 13], [12, 8, 16, 19], [11, 13, 7, 12], [20, 13, 23, 21], [11, 9, 21, 11], [20, 14, 12, 12], [17, 22, 12, 11], [7, 21, 9, 13], [7, 12, 14, 20], [13, 17, 20, 12], [13, 23, 8, 13], [15, 12, 11, 13], [19, 6, 15, 11], [9, 9, 11, 8], [12, 18, 13, 9], [16, 15, 14, 12], [12, 15, 14, 23], [9, 6, 5, 20], [14, 13, 12, 10], [9, 17, 9, 22], [18, 9, 20, 12], [11, 6, 5, 4], [6, 12, 14, 11], [7, 10, 23, 20], [6, 20, 6, 18], [18, 6, 17, 14], [9, 12, 8, 14], [15, 21, 20, 13], [23, 17, 19, 22], [19, 22, 22, 21], [16, 8, 16, 13], [4, 15, 8, 8], [10, 19, 11, 9], [18, 7, 18, 13], [7, 10, 7, 6], [19, 11, 8, 20], [8, 21, 14, 13], [18, 9, 8, 14], [16, 16, 21, 8], [13, 16, 20, 22], [13, 6, 20, 15], [22, 14, 16, 16], [9, 22, 15, 7], [11, 23, 13, 21], [24, 17, 8, 14], [23, 8, 8, 6], [11, 13, 13, 19], [7, 16, 4, 13], [15, 9, 23, 12], [5, 7, 9, 6], [20, 19, 20, 12], [22, 18, 14, 7], [15, 18, 4, 10], [12, 10, 10, 7], [20, 23, 4, 20], [17, 20, 14, 11], [6, 18, 20, 9], [22, 10, 15, 13], [9, 14, 18, 23], [16, 14, 5, 6], [14, 11, 22, 17], [6, 11, 9, 5], [9, 12, 17, 9], [18, 15, 4, 19], [20, 8, 6, 8], [15, 7, 9, 17]], "permutation_factor": 0.16666666666666666, "mu_sigma": 0.2, "sigma_sigma": 0.1, "mu_correlation": 2.0, "sigma_correlation": 0.5, "sigma": 0.25, "correlation": 2.5}