{"m": 25, "N": 100, "w_j_mode": 8, "w_b_mode": 21, "muj": [0.00026470544176951426, 0.008297401294964117, 0.032641295192780063, 0.06837812666816664, 0.10401734016817481, 0.12935786407863148, 0.13921637387261152, 0.13369348065298536, 0.11656317934942335, 0.09314547474043704, 0.06851359219794467, 0.046404284674850006, 0.028850191368241934, 0.016355102213184123, 0.008363512261517549, 0.0037962830130822997, 0.0014938292173586592, 0.0004920163931762154, 0.00012852313609258405, 2.4390448591374603e-05, 2.878114339025749e-06, 1.5386017106388004e-07, 1.641428304961554e-09, 7.79480184558857e-14], "mub": [1.819321282309281e-06, 8.057997182750407e-05, 0.00045500656423032407, 0.0013919064214494763, 0.0031511321688576974, 0.005955436942719867, 0.009969511208920563, 0.015284418095174196, 0.02190586564017813, 0.0297455619637335, 0.038615291201618274, 0.04822358734906818, 0.058175068435368495, 0.0679726763999321, 0.07702329106807554, 0.08464750419904458, 0.09009484467094296, 0.09256662362350072, 0.09125023007789623, 0.08537217360849174, 0.07428534180859303, 0.057628747058455485, 0.035680624260162205, 0.010522757940476761], "score": [[6, 10, 18, 10], [13, 18, 22, 13], [14, 11, 8, 23], [23, 23, 12, 13], [9, 7, 18, 12], [12, 12, 7, 11], [5, 10, 14, 5], [13, 9, 10, 9], [23, 22, 16, 13], [18, 6, 21, 9], [20, 21, 22, 15], [12, 20, 13, 12], [18, 21, 22, 18], [15, 12, 9, 8], [14, 22, 13, 16], [12, 12, 9, 18], [9, 8, 10, 7], [12, 13, 13, 13], [15, 22, 13, 17], [20, 19, 21, 20], [8, 21, 12, 10], [7, 6, 5, 18], [19, 23, 21, 11], [14, 15, 8, 8], [17, 9, 16, 7], [10, 11, 13, 14], [12, 5, 7, 10], [9, 14, 22, 18], [23, 9, 18, 21], [8, 12, 18, 15], [7, 12, 10, 8], [6, 12, 5, 11], [10, 21, 16, 21], [21, 23, 22, 23], [21, 21, 6, 12], [8, 14, 6, 17], [18, 15, 11, 6], [12, 21, 19, 16], [17, 13, 10, 13], [12, 5, 7, 11], [10, 21, 6, 21], [22, 18, 9, 19], [3, 11, 9, 10], [17, 11, 17, 6], [12, 8, 5, 7], [11, 22, 11, 8], [14, 18, 12, 15], [13, 20, 10, 5], [23, 24, 16, 18], [11, 22, 9, 8], [20, 19, 9, 7], [21, 19, 11, 19], [10, 20, 10, 18], [13, 9, 4, 15], [15, 23, 4, 7], [16, 5, 7, 17], [23, 15, 6, 8], [9, 6, 12, 19], [9, 7, 5, 7], [22, 15, 17, 13], [9, 23, 10, 10], [10, 16, 5, 18], [10, 11, 21, 21], [11, 16, 11, 7], [17, 22, 10, 12], [9, 22, 10, 15], [5, 18, 17, 7], [23, 15, 12, 17], [13, 5, 19, 9], [9, 10, 13, 19], [15, 16, 22, 22], [11, 4, 10, 8], [10, 7, 22, 21], [8, 18, 18, 22], [13, 10, 12, 11], [14, 13, 10, 13], [21, 7, 16, 15], [20, 15, 18, 20], [14, 6, 22, 6], [19, 21, 14, 18], [7, 12, 23, 19], [3, 6, 8, 8], [6, 6, 14, 5], [7, 14, 22, 9], [4, 9, 8, 10], [6, 8, 11, 8], [11, 10, 11, 13], [9, 10, 20, 9], [11, 9, 7, 13], [13, 6, 8, 12], [22, 8, 22, 14], [18, 13, 20, 18], [23, 20, 22, 15], [20, 7, 17, 11], [14, 8, 21, 8], [8, 22, 13, 6], [17, 21, 8, 7], [7, 6, 12, 13], [12, 11, 15, 15], [11, 17, 13, 9]], "permutation_factor": 0.16666666666666666, "mu_sigma": 0.2, "sigma_sigma": 0.1, "mu_correlation": 2.0, "sigma_correlation": 0.5, "sigma": 0.25, "correlation": 2.5}