{"m": 25, "N": 250, "w_j_mode": 7, "w_b_mode": 22, "muj": [0.00026470544176951426, 0.008297401294964117, 0.032641295192780063, 0.06837812666816664, 0.10401734016817481, 0.12935786407863148, 0.13921637387261152, 0.13369348065298536, 0.11656317934942335, 0.09314547474043704, 0.06851359219794467, 0.046404284674850006, 0.028850191368241934, 0.016355102213184123, 0.008363512261517549, 0.0037962830130822997, 0.0014938292173586592, 0.0004920163931762154, 0.00012852313609258405, 2.4390448591374603e-05, 2.878114339025749e-06, 1.5386017106388004e-07, 1.641428304961554e-09, 7.79480184558857e-14], "mub": [1.819321282309281e-06, 8.057997182750407e-05, 0.00045500656423032407, 0.0013919064214494763, 0.0031511321688576974, 0.005955436942719867, 0.009969511208920563, 0.015284418095174196, 0.02190586564017813, 0.0297455619637335, 0.038615291201618274, 0.04822358734906818, 0.058175068435368495, 0.0679726763999321, 0.07702329106807554, 0.08464750419904458, 0.09009484467094296, 0.09256662362350072, 0.09125023007789623, 0.08537217360849174, 0.07428534180859303, 0.057628747058455485, 0.035680624260162205, 0.010522757940476761], "score": [[9, 13, 19, 6], [5, 23, 4, 11], [19, 21, 14, 22], [12, 12, 10, 22], [21, 11, 10, 18], [7, 5, 7, 6], [5, 11, 10, 13], [15, 21, 14, 22], [22, 20, 7, 6], [9, 13, 13, 19], [10, 10, 5, 8], [11, 12, 16, 7], [5, 21, 13, 22], [6, 10, 14, 18], [17, 10, 10, 14], [15, 18, 23, 17], [5, 13, 15, 19], [19, 5, 14, 8], [11, 8, 15, 10], [15, 13, 21, 10], [15, 20, 12, 12], [20, 22, 20, 15], [4, 19, 21, 16], [19, 20, 11, 16], [7, 11, 21, 22], [13, 22, 10, 15], [19, 20, 9, 13], [22, 19, 10, 12], [17, 12, 18, 6], [12, 6, 22, 21], [16, 12, 15, 12], [12, 6, 12, 10], [8, 6, 14, 11], [7, 21, 18, 13], [5, 7, 17, 22], [6, 13, 22, 5], [7, 9, 7, 22], [12, 13, 18, 19], [8, 8, 5, 12], [19, 8, 6, 13], [7, 10, 8, 12], [14, 14, 19, 23], [14, 22, 13, 14], [12, 3, 7, 6], [21, 6, 15, 8], [16, 11, 8, 16], [6, 10, 10, 5], [7, 22, 22, 10], [8, 14, 20, 12], [9, 12, 6, 5], [7, 11, 21, 7], [16, 10, 5, 8], [12, 11, 20, 8], [13, 11, 21, 10], [12, 17, 21, 17], [21, 21, 20, 14], [18, 22, 20, 18], [11, 11, 7, 14], [14, 19, 14, 9], [21, 9, 15, 21], [8, 8, 6, 21], [7, 20, 11, 12], [15, 22, 5, 11], [6, 7, 13, 6], [14, 19, 15, 7], [22, 11, 18, 11], [19, 7, 9, 10], [8, 18, 13, 13], [13, 10, 19, 15], [23, 21, 11, 9], [10, 17, 11, 3], [17, 12, 10, 21], [12, 9, 20, 17], [7, 5, 10, 12], [10, 6, 16, 7], [8, 8, 7, 8], [12, 22, 11, 13], [22, 20, 14, 15], [11, 14, 13, 19], [10, 11, 7, 5], [23, 20, 22, 11], [8, 4, 8, 19], [8, 5, 5, 5], [12, 4, 13, 14], [6, 20, 16, 21], [14, 5, 6, 11], [20, 3, 12, 4], [9, 16, 14, 6], [20, 18, 16, 23], [22, 5, 24, 5], [8, 10, 15, 22], [16, 13, 9, 22], [7, 9, 16, 7], [13, 13, 18, 22], [17, 16, 21, 15], [12, 16, 8, 5], [12, 6, 18, 7], [17, 20, 11, 23], [12, 6, 13, 23], [13, 5, 9, 15], [9, 15, 10, 8], [20, 4, 19, 12], [14, 6, 10, 7], [16, 14, 12, 5], [21, 12, 18, 7], [6, 13, 21, 6], [18, 12, 7, 19], [21, 7, 16, 15], [22, 8, 14, 9], [22, 12, 15, 12], [13, 21, 6, 19], [9, 9, 22, 11], [8, 16, 8, 4], [13, 8, 11, 19], [23, 19, 9, 7], [21, 22, 13, 13], [11, 9, 19, 6], [10, 6, 9, 5], [20, 11, 9, 18], [6, 9, 19, 21], [7, 10, 10, 13], [17, 6, 23, 12], [9, 22, 7, 23], [22, 21, 11, 10], [20, 6, 21, 21], [18, 12, 24, 10], [8, 11, 14, 10], [13, 20, 16, 8], [11, 14, 9, 22], [11, 19, 11, 17], [11, 13, 15, 8], [13, 14, 24, 5], [8, 9, 13, 8], [10, 13, 9, 15], [13, 4, 16, 22], [23, 13, 11, 15], [11, 8, 21, 21], [13, 12, 8, 21], [9, 3, 22, 11], [23, 14, 13, 13], [16, 14, 22, 6], [17, 4, 20, 4], [15, 16, 11, 13], [12, 11, 12, 8], [13, 17, 11, 9], [17, 9, 7, 16], [7, 5, 9, 6], [22, 22, 21, 21], [8, 10, 6, 13], [7, 5, 12, 14], [4, 8, 8, 8], [20, 19, 23, 21], [23, 11, 18, 21], [14, 21, 10, 7], [22, 10, 7, 6], [15, 13, 19, 22], [19, 13, 21, 23], [7, 15, 14, 17], [21, 19, 22, 17], [7, 5, 14, 22], [20, 10, 11, 16], [8, 12, 9, 11], [8, 9, 6, 20], [23, 14, 4, 13], [15, 20, 4, 12], [9, 6, 9, 8], [15, 7, 11, 11], [16, 19, 22, 1], [8, 13, 8, 11], [10, 20, 12, 16], [12, 12, 5, 22], [10, 9, 16, 22], [14, 14, 13, 22], [6, 9, 8, 12], [13, 13, 9, 12], [22, 12, 12, 9], [7, 14, 9, 8], [12, 22, 12, 17], [17, 18, 13, 21], [20, 13, 5, 21], [15, 10, 8, 13], [15, 4, 16, 6], [20, 17, 21, 10], [23, 19, 13, 20], [7, 9, 6, 13], [19, 6, 20, 8], [5, 21, 14, 6], [21, 7, 6, 22], [7, 12, 9, 7], [16, 21, 16, 19], [22, 22, 21, 23], [22, 12, 13, 17], [6, 9, 8, 13], [7, 10, 8, 12], [21, 23, 12, 7], [22, 16, 15, 14], [7, 5, 20, 14], [22, 14, 10, 19], [11, 6, 11, 9], [22, 21, 9, 6], [9, 13, 7, 6], [16, 15, 9, 16], [10, 12, 17, 19], [14, 18, 10, 13], [22, 11, 21, 6], [7, 15, 23, 22], [6, 11, 12, 4], [18, 20, 20, 18], [11, 11, 6, 12], [23, 16, 15, 14], [10, 24, 23, 23], [14, 8, 23, 5], [23, 16, 14, 13], [10, 19, 14, 6], [7, 7, 10, 7], [15, 21, 6, 18], [11, 4, 4, 12], [10, 19, 15, 11], [13, 19, 22, 19], [2, 6, 10, 19], [6, 7, 14, 7], [9, 20, 22, 7], [17, 13, 12, 11], [8, 10, 18, 14], [13, 12, 16, 19], [16, 13, 7, 14], [20, 8, 11, 15], [23, 18, 5, 12], [20, 7, 8, 7], [20, 14, 24, 21], [21, 16, 21, 21], [10, 5, 12, 22], [11, 20, 8, 22], [5, 8, 20, 15], [16, 24, 14, 13], [9, 11, 7, 11], [11, 23, 13, 11], [20, 16, 10, 22], [17, 18, 10, 24], [13, 11, 13, 9], [22, 10, 9, 16], [14, 13, 10, 8], [9, 22, 14, 7], [9, 17, 22, 8], [9, 20, 8, 15], [17, 3, 7, 17], [18, 15, 18, 15], [22, 19, 16, 10], [19, 4, 9, 19], [9, 9, 7, 9]], "permutation_factor": 0.16666666666666666, "mu_sigma": 0.2, "sigma_sigma": 0.1, "mu_correlation": 2.0, "sigma_correlation": 0.5, "sigma": 0.25, "correlation": 2.5}