{"m": 25, "N": 250, "muj": [-8.236892890689743, -4.791812910196956, -3.422177068522157, -2.682702291049055, -2.2631976613527676, -2.0451725753011205, -1.9717259096042974, -2.012205557072929, -2.14932184096218, -2.3735927634641785, -2.680723127150474, -3.0703634818828114, -3.545638652835403, -4.113215368351636, -4.783876813138371, -5.57373284540708, -6.506412511149267, -7.616998522563194, -8.959401622422485, -10.621318953475301, -12.758375221648318, -15.687221627101083, -20.22769905647955, -30.18273422043706], "mub": [-13.217047048236287, -9.426260427822578, -7.695198712237557, -6.57708094529988, -5.759993472035035, -5.123450704774283, -4.608223722396716, -4.180921394683025, -3.8210008405706724, -3.515075335808227, -3.254106935836469, -3.031907013536587, -2.844298393423722, -2.688649472204431, -2.5636474214631515, -2.469259654605579, -2.406892333863418, -2.3798266383339923, -2.3941497651211123, -2.460735067249824, -2.599841630589642, -2.8537337549037667, -3.333147475342604, -4.554214944388654], "score": [[1, 14, 11, 9], [10, 20, 8, 12], [4, 11, 8, 10], [9, 18, 11, 12], [13, 13, 7, 5], [14, 11, 8, 6], [21, 12, 18, 14], [9, 5, 22, 10], [14, 7, 19, 19], [13, 13, 18, 23], [18, 23, 10, 11], [11, 11, 21, 16], [15, 21, 21, 22], [15, 14, 22, 16], [11, 10, 6, 15], [8, 21, 14, 12], [3, 11, 17, 21], [11, 22, 12, 11], [11, 5, 12, 12], [11, 6, 4, 4], [7, 23, 7, 14], [6, 16, 21, 10], [16, 22, 21, 19], [14, 21, 19, 14], [10, 14, 15, 14], [23, 6, 10, 22], [21, 17, 20, 14], [21, 17, 18, 10], [12, 11, 14, 8], [12, 21, 8, 13], [6, 11, 9, 14], [11, 9, 12, 20], [21, 16, 23, 12], [14, 11, 6, 17], [8, 10, 5, 8], [6, 17, 23, 15], [15, 6, 23, 12], [22, 22, 17, 18], [23, 13, 15, 7], [13, 21, 18, 12], [8, 22, 11, 2], [8, 16, 10, 13], [14, 19, 21, 22], [22, 15, 20, 17], [10, 19, 11, 6], [14, 5, 13, 7], [12, 9, 4, 7], [12, 9, 7, 17], [20, 13, 11, 12], [13, 11, 19, 11], [13, 11, 13, 18], [6, 21, 12, 9], [16, 19, 13, 10], [11, 18, 7, 11], [6, 5, 14, 11], [22, 23, 13, 10], [13, 6, 11, 11], [7, 21, 21, 13], [15, 21, 17, 21], [7, 6, 14, 10], [11, 20, 10, 9], [10, 22, 14, 10], [17, 17, 22, 19], [17, 7, 12, 8], [7, 19, 22, 4], [18, 18, 23, 21], [17, 23, 13, 14], [20, 21, 11, 12], [16, 22, 19, 11], [10, 10, 15, 23], [8, 13, 17, 10], [8, 7, 14, 21], [10, 23, 22, 2], [11, 11, 12, 19], [18, 11, 12, 14], [22, 9, 13, 22], [17, 7, 18, 14], [8, 9, 9, 14], [22, 7, 18, 15], [10, 11, 9, 11], [22, 16, 7, 9], [22, 14, 13, 13], [10, 6, 23, 13], [13, 16, 9, 14], [9, 6, 19, 24], [10, 16, 14, 10], [15, 5, 13, 19], [8, 6, 6, 10], [8, 21, 17, 9], [6, 24, 7, 11], [7, 13, 22, 11], [22, 15, 16, 22], [9, 16, 11, 12], [22, 22, 3, 9], [19, 14, 19, 20], [12, 21, 14, 21], [15, 13, 21, 14], [13, 13, 12, 11], [14, 20, 11, 11], [9, 5, 17, 17], [23, 11, 9, 6], [9, 8, 15, 8], [22, 21, 23, 14], [5, 8, 5, 14], [21, 17, 9, 12], [21, 17, 19, 12], [19, 19, 22, 22], [21, 23, 20, 22], [18, 13, 12, 6], [12, 22, 6, 22], [7, 23, 16, 12], [20, 12, 9, 21], [21, 19, 16, 20], [22, 13, 10, 13], [18, 14, 11, 14], [9, 16, 13, 15], [22, 7, 17, 11], [10, 15, 6, 11], [18, 14, 8, 9], [22, 9, 10, 21], [10, 15, 13, 11], [23, 5, 5, 8], [13, 9, 7, 12], [13, 12, 20, 8], [9, 23, 6, 14], [11, 4, 6, 6], [8, 14, 11, 20], [8, 16, 23, 7], [20, 16, 22, 19], [17, 15, 15, 20], [14, 18, 17, 22], [6, 10, 14, 9], [7, 10, 11, 7], [12, 15, 8, 12], [20, 20, 13, 20], [8, 20, 5, 20], [12, 11, 18, 22], [8, 20, 11, 22], [10, 11, 9, 3], [13, 12, 21, 8], [19, 3, 17, 18], [20, 8, 14, 17], [12, 19, 16, 5], [20, 7, 5, 20], [15, 21, 18, 5], [5, 23, 3, 11], [11, 20, 14, 13], [16, 15, 10, 24], [13, 12, 2, 15], [22, 15, 13, 17], [6, 17, 12, 17], [9, 8, 7, 5], [13, 9, 11, 8], [23, 22, 12, 21], [16, 16, 7, 4], [4, 20, 6, 16], [7, 15, 24, 18], [14, 22, 15, 21], [16, 6, 21, 7], [22, 6, 13, 5], [12, 8, 8, 21], [8, 10, 23, 14], [9, 4, 16, 9], [7, 5, 8, 20], [6, 8, 21, 7], [21, 17, 20, 11], [22, 16, 14, 22], [9, 17, 5, 14], [9, 6, 15, 15], [23, 23, 20, 7], [22, 20, 13, 18], [4, 14, 9, 20], [19, 20, 22, 18], [7, 12, 9, 5], [9, 18, 19, 10], [7, 13, 10, 6], [14, 8, 17, 22], [7, 11, 8, 10], [7, 11, 20, 17], [22, 22, 13, 10], [19, 9, 6, 7], [6, 14, 6, 24], [21, 7, 13, 23], [22, 9, 23, 11], [17, 10, 14, 17], [14, 15, 10, 18], [6, 11, 20, 21], [18, 20, 15, 17], [8, 22, 19, 6], [15, 7, 17, 10], [12, 10, 6, 11], [22, 14, 7, 10], [14, 8, 11, 14], [12, 22, 20, 15], [22, 22, 20, 23], [6, 21, 13, 19], [12, 6, 8, 13], [9, 7, 13, 15], [17, 10, 12, 16], [6, 22, 12, 20], [10, 12, 22, 19], [20, 10, 8, 8], [13, 16, 9, 14], [12, 3, 3, 9], [6, 6, 22, 21], [18, 12, 12, 14], [8, 11, 13, 16], [14, 21, 7, 5], [5, 20, 18, 13], [16, 11, 5, 16], [10, 12, 9, 18], [7, 23, 23, 6], [14, 9, 14, 20], [11, 21, 10, 18], [22, 11, 14, 8], [7, 11, 5, 7], [19, 10, 18, 8], [20, 20, 19, 15], [19, 23, 17, 21], [18, 5, 14, 18], [21, 10, 12, 8], [22, 22, 12, 10], [23, 6, 5, 5], [9, 22, 20, 17], [21, 5, 10, 5], [20, 22, 16, 12], [4, 6, 13, 11], [8, 17, 11, 19], [12, 8, 5, 6], [15, 7, 10, 22], [14, 9, 7, 14], [8, 17, 15, 14], [10, 21, 22, 22], [8, 9, 6, 7], [7, 14, 14, 14], [20, 12, 15, 11], [19, 22, 6, 11], [7, 18, 22, 24], [17, 7, 5, 4], [14, 14, 19, 16], [14, 11, 3, 8], [22, 22, 15, 18], [23, 21, 19, 16], [23, 11, 11, 9], [17, 8, 18, 17], [7, 8, 7, 11], [6, 13, 7, 5], [22, 14, 23, 22], [10, 9, 13, 21], [7, 15, 23, 5]], "permutation_factor": 0.16666666666666666, "mu_sigma": 0.3, "sigma_sigma": 0.05, "mu_correlation": 3.0, "sigma_correlation": 0.25, "sigma": 0.25, "correlation": 3.0}