{"m": 25, "N": 250, "muj": [-8.236892890689743, -4.791812910196956, -3.422177068522157, -2.682702291049055, -2.2631976613527676, -2.0451725753011205, -1.9717259096042974, -2.012205557072929, -2.14932184096218, -2.3735927634641785, -2.680723127150474, -3.0703634818828114, -3.545638652835403, -4.113215368351636, -4.783876813138371, -5.57373284540708, -6.506412511149267, -7.616998522563194, -8.959401622422485, -10.621318953475301, -12.758375221648318, -15.687221627101083, -20.22769905647955, -30.18273422043706], "mub": [-13.217047048236287, -9.426260427822578, -7.695198712237557, -6.57708094529988, -5.759993472035035, -5.123450704774283, -4.608223722396716, -4.180921394683025, -3.8210008405706724, -3.515075335808227, -3.254106935836469, -3.031907013536587, -2.844298393423722, -2.688649472204431, -2.5636474214631515, -2.469259654605579, -2.406892333863418, -2.3798266383339923, -2.3941497651211123, -2.460735067249824, -2.599841630589642, -2.8537337549037667, -3.333147475342604, -4.554214944388654], "score": [[15, 9, 8, 12], [11, 20, 18, 13], [13, 18, 16, 12], [7, 7, 6, 6], [15, 6, 17, 7], [17, 18, 16, 21], [22, 15, 15, 9], [8, 9, 14, 21], [15, 13, 9, 7], [21, 20, 19, 16], [8, 8, 21, 23], [8, 16, 7, 22], [8, 15, 7, 22], [15, 9, 8, 18], [6, 7, 5, 12], [10, 12, 18, 23], [18, 12, 13, 12], [10, 8, 7, 14], [13, 12, 19, 10], [17, 22, 7, 14], [7, 6, 9, 14], [14, 11, 4, 13], [13, 6, 21, 13], [7, 13, 20, 9], [9, 15, 14, 13], [13, 19, 9, 14], [17, 12, 16, 17], [10, 12, 6, 5], [15, 17, 21, 8], [8, 13, 9, 11], [22, 10, 8, 7], [20, 21, 17, 22], [21, 16, 15, 18], [20, 20, 15, 19], [15, 19, 13, 12], [13, 7, 12, 12], [23, 12, 16, 12], [5, 8, 10, 6], [16, 8, 13, 12], [8, 20, 11, 13], [16, 16, 7, 12], [13, 12, 16, 21], [8, 8, 8, 8], [19, 9, 5, 12], [17, 8, 10, 15], [10, 8, 5, 7], [11, 22, 10, 8], [9, 9, 9, 7], [13, 20, 6, 15], [8, 10, 12, 13], [14, 7, 15, 11], [13, 20, 15, 13], [8, 21, 15, 13], [7, 21, 12, 21], [14, 9, 15, 8], [14, 11, 22, 11], [7, 9, 3, 11], [19, 18, 22, 14], [21, 7, 8, 7], [11, 22, 22, 6], [7, 19, 16, 14], [15, 11, 5, 20], [21, 12, 22, 11], [9, 15, 13, 4], [9, 10, 21, 22], [12, 11, 21, 4], [16, 8, 22, 14], [17, 23, 19, 7], [9, 23, 19, 21], [20, 18, 23, 19], [6, 18, 10, 8], [6, 8, 8, 6], [21, 13, 18, 8], [6, 15, 9, 10], [13, 23, 23, 3], [8, 14, 6, 14], [7, 5, 8, 14], [12, 12, 19, 11], [7, 15, 13, 23], [11, 8, 20, 8], [22, 7, 23, 7], [8, 12, 6, 12], [12, 21, 8, 22], [15, 15, 14, 5], [19, 6, 15, 10], [12, 7, 5, 7], [7, 7, 23, 16], [18, 12, 10, 6], [6, 8, 9, 9], [6, 9, 10, 14], [11, 17, 7, 7], [9, 13, 13, 20], [20, 7, 12, 20], [22, 9, 9, 12], [13, 16, 18, 19], [7, 10, 20, 16], [23, 7, 19, 7], [14, 12, 15, 22], [17, 10, 10, 21], [8, 19, 23, 13], [9, 9, 8, 6], [6, 12, 9, 12], [23, 7, 20, 14], [20, 20, 13, 21], [13, 18, 12, 12], [7, 22, 12, 6], [16, 12, 11, 22], [24, 21, 7, 16], [8, 17, 20, 22], [16, 11, 13, 11], [14, 13, 13, 12], [10, 9, 6, 6], [12, 16, 18, 10], [13, 11, 9, 5], [6, 6, 6, 7], [5, 17, 19, 10], [18, 9, 22, 8], [10, 22, 20, 12], [20, 11, 21, 12], [18, 17, 9, 23], [9, 6, 13, 20], [4, 15, 9, 9], [9, 6, 17, 8], [9, 8, 10, 14], [11, 8, 13, 14], [22, 20, 20, 16], [15, 7, 9, 20], [14, 13, 7, 17], [7, 20, 13, 14], [14, 7, 11, 14], [6, 22, 16, 15], [7, 13, 11, 11], [13, 18, 11, 7], [10, 21, 21, 8], [22, 22, 11, 21], [16, 19, 15, 16], [4, 20, 9, 8], [18, 6, 6, 14], [9, 22, 13, 12], [20, 12, 7, 18], [7, 11, 11, 10], [24, 7, 6, 15], [8, 18, 6, 3], [11, 20, 17, 23], [11, 18, 14, 6], [6, 11, 15, 14], [11, 7, 5, 6], [11, 6, 16, 9], [7, 7, 19, 19], [14, 16, 21, 22], [17, 20, 20, 19], [16, 22, 18, 19], [13, 11, 4, 9], [10, 16, 14, 13], [12, 16, 16, 19], [18, 7, 7, 11], [5, 8, 15, 6], [12, 17, 6, 5], [8, 15, 10, 20], [7, 18, 8, 10], [22, 21, 19, 19], [24, 20, 19, 11], [17, 13, 20, 5], [7, 16, 11, 14], [9, 10, 7, 11], [9, 5, 10, 23], [22, 15, 11, 14], [5, 5, 6, 12], [6, 14, 22, 11], [9, 19, 13, 22], [23, 6, 17, 16], [12, 17, 7, 9], [10, 7, 9, 19], [9, 19, 12, 10], [11, 3, 18, 15], [12, 11, 12, 12], [8, 15, 16, 12], [17, 7, 24, 9], [6, 7, 5, 8], [10, 5, 9, 14], [14, 12, 7, 14], [7, 8, 21, 10], [9, 13, 9, 6], [6, 18, 13, 8], [13, 21, 24, 13], [6, 14, 7, 7], [7, 7, 7, 11], [9, 22, 17, 5], [22, 6, 16, 14], [14, 6, 20, 10], [13, 11, 7, 8], [20, 20, 22, 21], [24, 10, 12, 16], [9, 6, 8, 10], [15, 20, 16, 15], [22, 15, 20, 5], [11, 19, 14, 4], [12, 7, 12, 8], [13, 10, 11, 14], [15, 13, 12, 5], [12, 14, 8, 13], [9, 14, 12, 12], [21, 12, 8, 6], [6, 13, 14, 6], [24, 9, 20, 15], [20, 8, 17, 16], [21, 7, 12, 11], [21, 5, 12, 23], [21, 10, 14, 23], [7, 5, 21, 12], [20, 13, 21, 12], [8, 13, 15, 7], [10, 12, 10, 6], [7, 6, 14, 8], [11, 5, 5, 20], [7, 8, 19, 23], [6, 21, 8, 22], [8, 8, 14, 8], [8, 4, 6, 5], [6, 8, 7, 14], [16, 18, 5, 9], [8, 9, 16, 19], [13, 4, 15, 5], [21, 8, 19, 7], [12, 6, 14, 14], [22, 19, 8, 19], [11, 7, 7, 13], [10, 21, 21, 14], [10, 22, 10, 16], [9, 22, 9, 8], [12, 5, 4, 14], [12, 12, 3, 10], [22, 9, 21, 9], [11, 21, 3, 19], [22, 20, 9, 23], [11, 7, 14, 21], [13, 8, 13, 6], [8, 20, 7, 10], [7, 6, 8, 5], [10, 22, 18, 12], [22, 16, 15, 7], [13, 21, 21, 11], [12, 9, 18, 20], [10, 16, 6, 8], [8, 7, 19, 21], [8, 13, 10, 8], [16, 8, 5, 12], [13, 10, 13, 12], [10, 13, 6, 8], [13, 16, 21, 12]], "permutation_factor": 0.16666666666666666, "mu_sigma": 0.3, "sigma_sigma": 0.05, "mu_correlation": 3.0, "sigma_correlation": 0.25, "sigma": 0.25, "correlation": 3.0}