{"m": 25, "N": 250, "muj": [-8.236892890689743, -4.791812910196956, -3.422177068522157, -2.682702291049055, -2.2631976613527676, -2.0451725753011205, -1.9717259096042974, -2.012205557072929, -2.14932184096218, -2.3735927634641785, -2.680723127150474, -3.0703634818828114, -3.545638652835403, -4.113215368351636, -4.783876813138371, -5.57373284540708, -6.506412511149267, -7.616998522563194, -8.959401622422485, -10.621318953475301, -12.758375221648318, -15.687221627101083, -20.22769905647955, -30.18273422043706], "mub": [-13.217047048236287, -9.426260427822578, -7.695198712237557, -6.57708094529988, -5.759993472035035, -5.123450704774283, -4.608223722396716, -4.180921394683025, -3.8210008405706724, -3.515075335808227, -3.254106935836469, -3.031907013536587, -2.844298393423722, -2.688649472204431, -2.5636474214631515, -2.469259654605579, -2.406892333863418, -2.3798266383339923, -2.3941497651211123, -2.460735067249824, -2.599841630589642, -2.8537337549037667, -3.333147475342604, -4.554214944388654], "score": [[22, 5, 14, 23], [13, 11, 10, 23], [21, 21, 14, 8], [6, 7, 9, 11], [20, 12, 15, 22], [8, 21, 21, 16], [9, 6, 8, 11], [17, 23, 21, 7], [6, 7, 6, 7], [7, 6, 9, 9], [12, 12, 19, 19], [5, 10, 10, 7], [19, 20, 12, 21], [16, 8, 8, 21], [8, 23, 13, 13], [22, 9, 18, 20], [9, 12, 10, 15], [11, 11, 13, 7], [6, 14, 19, 7], [6, 12, 11, 13], [19, 9, 6, 22], [5, 16, 17, 13], [18, 19, 9, 6], [8, 15, 6, 9], [5, 9, 17, 21], [6, 7, 12, 17], [21, 17, 13, 22], [14, 20, 13, 18], [10, 10, 15, 18], [9, 19, 8, 16], [10, 9, 21, 7], [13, 11, 17, 23], [16, 10, 8, 8], [13, 19, 11, 18], [9, 6, 11, 22], [10, 9, 13, 5], [5, 11, 23, 9], [13, 6, 8, 10], [10, 9, 11, 16], [6, 9, 12, 6], [20, 15, 8, 20], [11, 6, 11, 12], [9, 11, 14, 9], [24, 23, 23, 13], [11, 9, 13, 24], [22, 19, 6, 18], [17, 6, 19, 8], [8, 8, 13, 15], [21, 12, 10, 9], [6, 11, 21, 9], [21, 16, 9, 8], [8, 5, 9, 12], [17, 24, 17, 6], [23, 22, 15, 14], [9, 19, 16, 22], [20, 13, 14, 19], [22, 15, 9, 7], [23, 14, 16, 17], [24, 20, 23, 19], [13, 20, 17, 4], [16, 18, 21, 10], [17, 19, 10, 18], [12, 10, 20, 22], [21, 21, 22, 20], [12, 18, 17, 10], [5, 12, 12, 6], [9, 11, 21, 18], [9, 7, 12, 18], [8, 11, 14, 21], [3, 8, 4, 4], [7, 11, 12, 9], [12, 5, 22, 22], [14, 12, 11, 7], [9, 23, 9, 2], [9, 12, 11, 19], [10, 15, 21, 6], [22, 5, 10, 18], [7, 7, 14, 14], [21, 21, 11, 7], [15, 10, 7, 8], [12, 10, 11, 13], [10, 22, 15, 14], [22, 7, 8, 16], [14, 16, 11, 15], [11, 8, 21, 9], [21, 22, 9, 17], [7, 22, 6, 7], [22, 23, 6, 13], [7, 15, 18, 5], [22, 7, 12, 21], [18, 9, 9, 11], [19, 21, 13, 22], [18, 10, 8, 15], [19, 16, 14, 14], [8, 10, 17, 7], [4, 8, 18, 11], [16, 11, 21, 12], [8, 9, 12, 22], [11, 12, 15, 20], [12, 7, 7, 13], [6, 23, 22, 12], [10, 6, 9, 11], [8, 7, 5, 4], [20, 13, 10, 6], [16, 13, 8, 17], [11, 12, 11, 11], [9, 7, 19, 19], [24, 6, 16, 22], [21, 10, 22, 13], [12, 6, 15, 13], [7, 12, 5, 11], [22, 13, 21, 21], [12, 14, 15, 16], [4, 9, 13, 12], [5, 5, 7, 8], [24, 13, 22, 21], [18, 12, 18, 17], [20, 12, 17, 19], [6, 12, 20, 12], [20, 22, 16, 23], [17, 21, 18, 14], [12, 12, 22, 21], [9, 15, 11, 12], [10, 17, 10, 22], [23, 11, 16, 10], [8, 11, 19, 5], [19, 6, 15, 12], [14, 8, 16, 14], [20, 15, 8, 18], [16, 19, 16, 17], [10, 9, 22, 23], [22, 18, 22, 23], [18, 10, 10, 23], [6, 6, 22, 22], [22, 17, 8, 22], [14, 11, 9, 10], [13, 11, 15, 13], [19, 14, 11, 15], [12, 21, 6, 12], [19, 20, 10, 23], [4, 14, 18, 12], [22, 24, 18, 13], [20, 21, 12, 10], [15, 15, 5, 11], [7, 16, 22, 16], [12, 17, 11, 7], [6, 9, 22, 7], [9, 22, 16, 23], [18, 9, 15, 19], [19, 9, 8, 15], [6, 13, 8, 20], [14, 20, 13, 6], [13, 18, 8, 10], [20, 7, 10, 18], [8, 22, 20, 19], [14, 22, 9, 5], [17, 23, 15, 17], [20, 8, 6, 11], [6, 9, 7, 5], [7, 8, 14, 6], [19, 8, 7, 22], [10, 6, 5, 17], [18, 6, 5, 9], [11, 20, 6, 6], [6, 7, 22, 17], [10, 14, 12, 9], [10, 5, 11, 6], [12, 16, 12, 19], [8, 20, 6, 6], [7, 10, 23, 8], [13, 12, 9, 10], [12, 12, 18, 8], [6, 15, 5, 10], [11, 8, 17, 21], [7, 20, 9, 22], [10, 7, 16, 13], [5, 10, 8, 10], [22, 22, 17, 21], [7, 21, 20, 15], [9, 18, 19, 20], [8, 9, 9, 6], [7, 5, 8, 13], [7, 14, 13, 11], [14, 15, 7, 6], [22, 21, 20, 21], [21, 11, 21, 7], [10, 7, 14, 21], [14, 19, 10, 5], [16, 14, 12, 13], [14, 6, 21, 12], [13, 12, 14, 14], [15, 7, 17, 23], [11, 8, 7, 6], [7, 13, 22, 11], [12, 16, 16, 14], [10, 7, 12, 16], [9, 11, 7, 12], [20, 12, 24, 10], [20, 10, 8, 21], [11, 3, 9, 20], [21, 18, 5, 10], [17, 15, 16, 22], [20, 12, 21, 10], [7, 10, 10, 14], [13, 12, 16, 7], [7, 15, 8, 13], [19, 10, 8, 20], [23, 11, 22, 21], [20, 22, 11, 12], [6, 9, 15, 9], [10, 24, 13, 20], [14, 15, 20, 22], [7, 12, 21, 9], [19, 10, 20, 21], [11, 21, 4, 21], [22, 11, 15, 18], [22, 10, 12, 14], [23, 11, 10, 5], [14, 14, 11, 13], [23, 12, 22, 7], [6, 14, 22, 12], [7, 12, 17, 14], [14, 24, 19, 18], [10, 10, 6, 12], [14, 12, 22, 19], [8, 21, 22, 21], [20, 11, 10, 11], [10, 4, 11, 9], [10, 10, 12, 6], [6, 10, 19, 21], [9, 7, 17, 19], [11, 24, 19, 16], [23, 21, 23, 21], [7, 7, 22, 10], [7, 10, 8, 7], [12, 11, 14, 10], [22, 4, 13, 14], [12, 11, 9, 23], [11, 9, 20, 13], [22, 8, 16, 20], [19, 16, 16, 20], [5, 6, 24, 9], [21, 8, 11, 6], [17, 13, 19, 18], [22, 21, 21, 20], [13, 9, 10, 10], [7, 22, 10, 11], [6, 9, 8, 11], [7, 10, 9, 8], [9, 9, 15, 14]], "permutation_factor": 0.16666666666666666, "mu_sigma": 0.3, "sigma_sigma": 0.05, "mu_correlation": 3.0, "sigma_correlation": 0.25, "sigma": 0.25, "correlation": 3.0}