{"m": 15, "N": 500, "muj": [-5.9520953299303345, -2.814993898044332, -1.7942150171026352, -1.453502548421075, -1.494669868162143, -1.8155982770586776, -2.382409895914451, -3.19808470466629, -4.296911283228395, -5.753791958594402, -7.7155925938293, -10.492735947024412, -14.900496054384844, -24.738365466154985], "mub": [-10.812581438301448, -7.063639729383225, -5.379977057376071, -4.316038951958984, -3.56154277617204, -2.9982273859422928, -2.569992018313719, -2.2480151201222034, -2.01876172561214, -1.8803103720540442, -1.844161302455737, -1.9463503745122106, -2.293046772933019, -3.3969484897917046], "score": [7, 6, 6, 8, 9, 6, 9, 3, 8, 8, 13, 7, 6, 9, 5, 7, 6, 6, 6, 12, 5, 3, 7, 4, 5, 5, 6, 4, 4, 4, 3, 4, 5, 6, 6, 10, 11, 3, 4, 4, 5, 7, 4, 3, 9, 7, 7, 4, 3, 3, 4, 9, 6, 6, 9, 8, 4, 9, 11, 12, 6, 12, 6, 4, 4, 5, 4, 6, 6, 5, 9, 8, 12, 8, 14, 8, 6, 8, 11, 3, 5, 8, 13, 5, 4, 3, 2, 4, 9, 3, 6, 4, 12, 6, 5, 4, 9, 5, 4, 5, 7, 4, 3, 5, 8, 8, 4, 7, 5, 8, 8, 7, 9, 4, 12, 4, 3, 5, 5, 6, 6, 4, 5, 4, 5, 9, 7, 5, 6, 8, 3, 9, 7, 6, 5, 13, 9, 9, 13, 8, 8, 2, 4, 10, 6, 4, 7, 4, 8, 14, 13, 3, 4, 3, 2, 4, 3, 4, 6, 12, 4, 4, 5, 7, 5, 7, 7, 7, 5, 4, 4, 3, 3, 5, 9, 3, 6, 7, 4, 9, 8, 5, 10, 5, 12, 5, 6, 4, 9, 6, 10, 11, 13, 7, 5, 5, 8, 9, 5, 4, 9, 9, 10, 4, 3, 5, 4, 4, 2, 6, 14, 4, 5, 5, 4, 7, 7, 5, 4, 5, 8, 4, 5, 14, 13, 11, 3, 8, 3, 8, 5, 7, 4, 5, 8, 9, 8, 12, 9, 10, 4, 5, 6, 8, 11, 6, 10, 4, 5, 6, 5, 7, 9, 5, 5, 5, 7, 7, 5, 8, 4, 7, 5, 8, 5, 5, 4, 3, 7, 9, 6, 6, 4, 8, 5, 3, 6, 3, 5, 8, 4, 13, 8, 9, 14, 4, 5, 8, 8, 8, 7, 3, 4, 3, 8, 8, 6, 13, 5, 10, 5, 3, 5, 4, 5, 5, 6, 5, 7, 14, 7, 8, 13, 7, 4, 4, 6, 9, 3, 7, 14, 9, 4, 6, 6, 6, 4, 5, 3, 10, 8, 4, 5, 5, 6, 5, 3, 12, 6, 5, 5, 7, 6, 6, 6, 4, 5, 5, 2, 8, 4, 3, 3, 3, 8, 6, 5, 4, 6, 7, 9, 8, 8, 11, 5, 5, 4, 7, 6, 4, 9, 4, 3, 12, 11, 6, 11, 8, 1, 5, 10, 5, 14, 9, 13, 4, 4, 8, 6, 8, 5, 13, 4, 3, 3, 4, 4, 13, 4, 5, 6, 5, 12, 9, 12, 6, 8, 4, 5, 6, 1, 3, 9, 8, 7, 3, 6, 10, 5, 7, 4, 8, 8, 5, 6, 12, 7, 12, 5, 5, 13, 5, 9, 4, 10, 7, 5, 5, 5, 12, 4, 7, 5, 7, 8, 5, 6, 6, 12, 5, 9, 3, 13, 5, 3, 5, 6, 11, 5, 5, 6, 8, 8, 3, 4, 4, 3, 8, 4, 8, 4, 7, 5, 5, 8, 10, 4, 5, 6, 13, 6, 5, 5, 7, 8, 4, 11, 7, 4, 6, 13, 6, 10, 13, 7, 5, 6, 3, 9, 7], "permutation_factor": 0.16666666666666666, "mu_sigma": 0.3, "sigma_sigma": 0.05, "mu_correlation": 3.0, "sigma_correlation": 0.25, "sigma": 0.25, "correlation": 3.0}