{"m": 25, "N": 100, "muj": [-8.236892890689743, -4.791812910196956, -3.422177068522157, -2.682702291049055, -2.2631976613527676, -2.0451725753011205, -1.9717259096042974, -2.012205557072929, -2.14932184096218, -2.3735927634641785, -2.680723127150474, -3.0703634818828114, -3.545638652835403, -4.113215368351636, -4.783876813138371, -5.57373284540708, -6.506412511149267, -7.616998522563194, -8.959401622422485, -10.621318953475301, -12.758375221648318, -15.687221627101083, -20.22769905647955, -30.18273422043706], "mub": [-13.217047048236287, -9.426260427822578, -7.695198712237557, -6.57708094529988, -5.759993472035035, -5.123450704774283, -4.608223722396716, -4.180921394683025, -3.8210008405706724, -3.515075335808227, -3.254106935836469, -3.031907013536587, -2.844298393423722, -2.688649472204431, -2.5636474214631515, -2.469259654605579, -2.406892333863418, -2.3798266383339923, -2.3941497651211123, -2.460735067249824, -2.599841630589642, -2.8537337549037667, -3.333147475342604, -4.554214944388654], "score": [[19, 18, 16, 20], [23, 16, 21, 18], [8, 9, 6, 22], [23, 21, 17, 21], [11, 23, 18, 16], [17, 19, 6, 19], [17, 11, 20, 8], [20, 12, 10, 14], [20, 11, 20, 15], [10, 8, 9, 10], [15, 21, 23, 20], [17, 5, 23, 16], [7, 14, 10, 14], [19, 14, 7, 22], [22, 9, 14, 5], [11, 13, 7, 8], [14, 21, 3, 11], [7, 10, 10, 10], [17, 22, 20, 14], [8, 13, 10, 13], [18, 23, 20, 16], [16, 21, 11, 7], [6, 5, 8, 10], [15, 13, 11, 9], [7, 10, 9, 6], [11, 19, 6, 13], [21, 19, 16, 8], [5, 6, 13, 8], [21, 15, 17, 15], [7, 23, 20, 8], [5, 11, 24, 14], [21, 23, 18, 13], [13, 12, 13, 9], [16, 18, 22, 10], [24, 10, 14, 13], [12, 8, 16, 19], [11, 13, 7, 12], [20, 13, 23, 21], [11, 9, 21, 11], [20, 14, 12, 12], [17, 22, 12, 11], [7, 21, 9, 13], [7, 12, 14, 20], [13, 17, 20, 12], [13, 23, 8, 13], [15, 12, 11, 13], [19, 6, 15, 11], [9, 9, 11, 8], [12, 18, 13, 9], [16, 15, 14, 12], [12, 15, 14, 23], [9, 6, 5, 20], [14, 13, 12, 10], [9, 17, 9, 22], [18, 9, 20, 12], [11, 6, 5, 4], [6, 12, 14, 11], [7, 10, 23, 20], [6, 20, 6, 18], [18, 6, 17, 14], [9, 12, 8, 14], [15, 21, 20, 13], [23, 17, 19, 22], [19, 22, 22, 21], [16, 8, 16, 13], [4, 15, 8, 8], [10, 19, 11, 9], [18, 7, 18, 13], [7, 10, 7, 6], [19, 11, 8, 20], [8, 21, 14, 13], [18, 9, 8, 14], [16, 16, 21, 8], [13, 16, 20, 22], [13, 6, 20, 15], [22, 14, 16, 16], [9, 22, 15, 7], [11, 23, 13, 21], [24, 17, 8, 14], [23, 8, 8, 6], [11, 13, 13, 19], [7, 16, 4, 13], [15, 9, 23, 12], [5, 7, 9, 6], [20, 19, 20, 12], [22, 18, 14, 7], [15, 18, 4, 10], [12, 10, 10, 7], [20, 23, 4, 20], [17, 20, 14, 11], [6, 18, 20, 9], [22, 10, 15, 13], [9, 14, 18, 23], [16, 14, 5, 6], [14, 11, 22, 17], [6, 11, 9, 5], [9, 12, 17, 9], [18, 15, 4, 19], [20, 8, 6, 8], [15, 7, 9, 17]], "permutation_factor": 0.16666666666666666, "mu_sigma": 0.3, "sigma_sigma": 0.05, "mu_correlation": 3.0, "sigma_correlation": 0.25, "sigma": 0.25, "correlation": 3.0}