{"m": 25, "N": 500, "muj": [-8.236892890689743, -4.791812910196956, -3.422177068522157, -2.682702291049055, -2.2631976613527676, -2.0451725753011205, -1.9717259096042974, -2.012205557072929, -2.14932184096218, -2.3735927634641785, -2.680723127150474, -3.0703634818828114, -3.545638652835403, -4.113215368351636, -4.783876813138371, -5.57373284540708, -6.506412511149267, -7.616998522563194, -8.959401622422485, -10.621318953475301, -12.758375221648318, -15.687221627101083, -20.22769905647955, -30.18273422043706], "mub": [-13.217047048236287, -9.426260427822578, -7.695198712237557, -6.57708094529988, -5.759993472035035, -5.123450704774283, -4.608223722396716, -4.180921394683025, -3.8210008405706724, -3.515075335808227, -3.254106935836469, -3.031907013536587, -2.844298393423722, -2.688649472204431, -2.5636474214631515, -2.469259654605579, -2.406892333863418, -2.3798266383339923, -2.3941497651211123, -2.460735067249824, -2.599841630589642, -2.8537337549037667, -3.333147475342604, -4.554214944388654], "score": [[20, 8, 19, 11], [11, 4, 9, 6], [8, 18, 13, 14], [20, 7, 11, 12], [7, 10, 8, 4], [15, 18, 17, 16], [13, 7, 8, 20], [9, 12, 18, 8], [21, 7, 21, 8], [15, 8, 14, 17], [13, 19, 13, 8], [6, 18, 11, 10], [13, 8, 16, 15], [14, 10, 20, 18], [6, 8, 7, 8], [8, 23, 7, 18], [10, 12, 22, 14], [16, 18, 11, 11], [11, 7, 23, 5], [23, 18, 23, 20], [12, 19, 13, 9], [20, 8, 16, 7], [13, 12, 7, 13], [14, 20, 21, 13], [3, 15, 6, 10], [21, 16, 15, 13], [6, 7, 19, 21], [20, 13, 22, 12], [11, 21, 12, 6], [21, 10, 21, 11], [20, 22, 14, 14], [12, 15, 8, 14], [24, 20, 5, 8], [11, 20, 18, 23], [6, 17, 11, 22], [13, 10, 8, 12], [18, 22, 8, 11], [18, 12, 14, 7], [16, 10, 8, 6], [14, 11, 6, 9], [22, 22, 10, 11], [16, 16, 10, 8], [20, 11, 6, 22], [17, 8, 18, 9], [7, 11, 20, 19], [13, 22, 12, 22], [20, 11, 6, 13], [11, 9, 6, 4], [22, 8, 10, 10], [10, 8, 7, 10], [20, 20, 8, 15], [21, 20, 8, 5], [21, 10, 22, 18], [7, 24, 8, 20], [7, 8, 12, 11], [9, 13, 8, 19], [20, 22, 5, 21], [19, 15, 21, 20], [21, 23, 21, 9], [12, 22, 7, 21], [12, 12, 20, 21], [12, 8, 21, 8], [10, 19, 17, 20], [23, 14, 18, 21], [9, 23, 18, 23], [8, 8, 8, 4], [23, 7, 11, 8], [9, 9, 20, 16], [15, 7, 8, 20], [12, 8, 6, 15], [18, 20, 12, 5], [20, 17, 22, 21], [6, 11, 20, 8], [6, 15, 22, 14], [16, 8, 9, 21], [8, 7, 5, 5], [7, 18, 16, 9], [9, 5, 22, 13], [7, 12, 19, 16], [14, 6, 22, 14], [14, 21, 9, 11], [18, 8, 9, 16], [8, 15, 21, 18], [20, 7, 17, 22], [12, 17, 23, 15], [16, 8, 17, 7], [21, 14, 14, 9], [10, 14, 18, 13], [21, 6, 6, 16], [12, 9, 7, 19], [22, 20, 22, 14], [20, 17, 13, 12], [15, 8, 7, 20], [7, 8, 11, 13], [21, 21, 6, 8], [11, 18, 22, 8], [21, 21, 14, 11], [23, 20, 23, 19], [4, 6, 9, 8], [14, 6, 14, 13], [13, 12, 9, 9], [21, 20, 12, 12], [6, 6, 13, 13], [7, 7, 12, 10], [21, 17, 23, 10], [19, 21, 22, 21], [12, 6, 8, 7], [14, 23, 11, 16], [23, 10, 11, 21], [11, 9, 22, 19], [15, 13, 7, 22], [15, 16, 22, 18], [10, 24, 21, 14], [8, 6, 14, 15], [8, 15, 7, 10], [15, 15, 21, 15], [4, 9, 13, 7], [10, 13, 10, 12], [13, 8, 22, 14], [6, 12, 20, 22], [8, 13, 10, 12], [11, 14, 9, 20], [13, 6, 13, 21], [11, 5, 13, 23], [12, 6, 9, 8], [11, 7, 7, 7], [21, 10, 12, 8], [14, 22, 10, 22], [7, 11, 9, 20], [7, 10, 11, 10], [8, 8, 12, 8], [7, 12, 7, 8], [7, 5, 6, 9], [19, 24, 22, 14], [15, 9, 8, 10], [22, 8, 23, 15], [15, 16, 20, 20], [12, 12, 7, 9], [19, 11, 18, 6], [20, 14, 16, 22], [22, 13, 9, 4], [21, 21, 21, 22], [10, 6, 10, 9], [8, 20, 11, 6], [22, 15, 15, 8], [11, 12, 6, 8], [21, 21, 15, 22], [24, 16, 19, 16], [22, 7, 22, 22], [18, 12, 9, 7], [12, 23, 8, 20], [22, 19, 13, 11], [18, 5, 16, 10], [24, 8, 22, 11], [9, 18, 11, 15], [9, 12, 19, 23], [7, 10, 7, 11], [20, 12, 5, 5], [15, 5, 21, 8], [12, 12, 21, 19], [14, 14, 7, 22], [8, 4, 9, 17], [20, 14, 16, 13], [12, 17, 9, 20], [14, 14, 4, 8], [5, 11, 11, 9], [4, 9, 11, 7], [14, 5, 12, 11], [23, 15, 8, 23], [20, 16, 21, 10], [11, 9, 5, 11], [7, 15, 13, 6], [17, 21, 15, 9], [5, 22, 14, 20], [10, 13, 15, 17], [11, 11, 18, 17], [11, 20, 15, 11], [11, 18, 4, 16], [19, 15, 13, 9], [6, 5, 10, 5], [19, 7, 16, 17], [22, 10, 8, 10], [11, 20, 5, 14], [20, 8, 18, 6], [21, 18, 14, 10], [6, 18, 22, 12], [11, 22, 11, 11], [14, 8, 13, 14], [5, 6, 4, 10], [16, 20, 20, 23], [7, 7, 11, 17], [20, 10, 17, 10], [20, 21, 19, 17], [18, 8, 13, 10], [19, 14, 6, 21], [8, 3, 5, 6], [20, 17, 16, 12], [22, 14, 19, 2], [5, 12, 16, 7], [23, 9, 23, 11], [6, 19, 7, 15], [9, 8, 5, 5], [24, 12, 12, 8], [22, 16, 18, 20], [12, 22, 21, 22], [24, 12, 11, 10], [3, 21, 15, 21], [19, 7, 13, 6], [7, 19, 8, 16], [18, 20, 20, 18], [4, 8, 18, 16], [8, 13, 11, 22], [11, 5, 6, 12], [16, 13, 11, 12], [20, 17, 22, 16], [20, 6, 20, 9], [6, 10, 12, 15], [17, 8, 12, 6], [7, 12, 7, 21], [20, 18, 12, 13], [15, 21, 18, 19], [5, 22, 13, 21], [20, 8, 12, 10], [19, 18, 21, 6], [7, 19, 14, 22], [8, 12, 19, 19], [24, 17, 20, 15], [15, 23, 17, 7], [5, 8, 13, 6], [12, 8, 14, 15], [7, 8, 17, 20], [10, 22, 15, 14], [10, 8, 21, 8], [10, 10, 7, 11], [13, 10, 23, 13], [19, 13, 23, 2], [15, 12, 14, 15], [12, 11, 12, 10], [6, 20, 21, 9], [10, 16, 13, 6], [8, 20, 15, 13], [21, 19, 12, 22], [20, 24, 17, 19], [11, 8, 7, 10], [17, 18, 7, 6], [20, 8, 5, 20], [11, 19, 13, 19], [7, 9, 7, 8], [18, 13, 9, 5], [6, 6, 6, 6], [5, 9, 14, 8], [7, 18, 17, 11], [10, 14, 18, 23], [8, 22, 12, 11], [17, 22, 6, 21], [8, 6, 13, 7], [7, 19, 8, 19], [9, 11, 15, 18], [8, 7, 13, 12], [5, 3, 7, 9], [11, 12, 21, 20], [14, 18, 8, 20], [13, 24, 19, 22], [8, 13, 6, 11], [22, 21, 18, 9], [10, 24, 17, 14], [20, 6, 24, 6], [12, 12, 21, 9], [8, 13, 5, 11], [11, 16, 22, 21], [11, 11, 8, 7], [5, 19, 22, 12], [16, 20, 5, 12], [5, 21, 14, 8], [7, 18, 12, 14], [9, 21, 16, 8], [8, 22, 8, 11], [19, 7, 9, 10], [10, 9, 8, 11], [8, 22, 10, 16], [17, 12, 21, 12], [14, 16, 12, 23], [21, 12, 9, 20], [14, 15, 7, 10], [14, 7, 8, 15], [16, 7, 14, 10], [7, 10, 13, 10], [8, 10, 20, 13], [13, 11, 12, 11], [4, 5, 7, 13], [9, 10, 5, 21], [14, 7, 6, 23], [22, 14, 23, 9], [6, 4, 9, 8], [5, 14, 6, 7], [21, 11, 20, 11], [7, 19, 16, 19], [18, 22, 14, 6], [20, 21, 22, 18], [6, 5, 22, 21], [19, 18, 10, 7], [18, 11, 23, 23], [11, 12, 8, 12], [7, 9, 11, 9], [10, 9, 23, 22], [7, 12, 15, 23], [19, 20, 16, 2], [12, 7, 10, 15], [16, 18, 7, 6], [22, 13, 21, 12], [21, 12, 15, 5], [20, 23, 17, 7], [6, 9, 12, 5], [11, 19, 15, 23], [17, 12, 11, 9], [21, 17, 12, 19], [15, 10, 13, 19], [21, 21, 23, 10], [7, 17, 21, 14], [16, 14, 6, 16], [11, 9, 8, 10], [8, 8, 13, 6], [21, 14, 22, 15], [9, 14, 6, 10], [11, 16, 11, 15], [18, 14, 12, 12], [12, 11, 8, 5], [21, 21, 19, 14], [23, 9, 12, 14], [14, 9, 11, 9], [20, 18, 14, 12], [22, 10, 14, 9], [9, 17, 12, 14], [4, 10, 13, 5], [20, 15, 17, 8], [12, 6, 14, 9], [23, 21, 19, 16], [10, 8, 9, 6], [16, 23, 19, 23], [7, 7, 12, 12], [7, 9, 19, 8], [17, 13, 6, 19], [19, 15, 11, 10], [9, 23, 10, 20], [15, 13, 11, 8], [8, 5, 6, 7], [18, 13, 8, 12], [18, 15, 21, 15], [9, 23, 20, 6], [10, 12, 12, 11], [11, 7, 10, 19], [17, 7, 14, 21], [10, 13, 7, 5], [19, 16, 17, 23], [10, 6, 12, 16], [9, 22, 15, 18], [11, 16, 19, 17], [21, 15, 14, 11], [7, 5, 12, 7], [6, 11, 7, 18], [14, 12, 19, 22], [12, 21, 16, 18], [22, 18, 6, 19], [20, 13, 5, 20], [15, 19, 12, 8], [17, 22, 22, 12], [18, 15, 17, 13], [19, 21, 15, 23], [21, 22, 6, 11], [22, 15, 9, 23], [10, 16, 24, 23], [12, 14, 10, 3], [9, 21, 5, 19], [9, 7, 14, 6], [10, 6, 21, 11], [11, 9, 8, 9], [18, 6, 9, 12], [23, 6, 21, 17], [10, 11, 22, 12], [13, 7, 15, 11], [19, 22, 10, 21], [9, 10, 9, 8], [11, 11, 14, 21], [9, 9, 23, 10], [17, 10, 23, 15], [11, 22, 19, 12], [24, 9, 22, 8], [12, 22, 15, 24], [15, 20, 21, 23], [7, 14, 6, 8], [19, 15, 10, 13], [9, 12, 22, 14], [12, 9, 8, 12], [17, 12, 11, 5], [20, 10, 10, 19], [20, 10, 9, 8], [22, 9, 23, 16], [10, 8, 14, 18], [7, 8, 6, 13], [8, 5, 15, 11], [21, 13, 7, 13], [10, 19, 11, 9], [8, 20, 8, 15], [18, 14, 16, 21], [17, 16, 23, 21], [13, 13, 20, 10], [6, 15, 23, 12], [14, 21, 10, 23], [14, 23, 22, 23], [17, 17, 18, 21], [13, 8, 12, 18], [14, 17, 12, 19], [23, 23, 21, 14], [18, 10, 6, 21], [11, 8, 7, 14], [7, 