{"m": 25, "N": 250, "muj": [0.0008301325572518483, 0.002348445225735081, 0.006485033937563454, 0.025042199059907195, 0.06196712221044106, 0.10135957842714273, 0.1212874329610312, 0.11252829373361967, 0.09732962046785144, 0.09596599403420776, 0.09881262246516592, 0.0919731360248394, 0.07409554285785953, 0.049937496805717414, 0.02738920403348741, 0.013348187239728197, 0.0063009628163073345, 0.0031566402862168094, 0.002154736048048465, 0.0018966389277649052, 0.0018083988197429616, 0.0018083988197429616, 0.0015391908252493343, 0.0006349914153778539], "mub": [0.0002087669863053992, 0.0006263009589162362, 0.0010638910935609242, 0.002161163753820567, 0.006675971979989048, 0.014479376415127945, 0.021595144155980416, 0.02618922983714644, 0.028634706735015784, 0.031391998418523616, 0.036280937434524846, 0.04254747078754772, 0.04941235753739216, 0.05509881237851807, 0.05768143075145984, 0.058803310387528104, 0.05950508656081802, 0.06303518348692769, 0.07127173563566445, 0.08619368557383915, 0.10703286673718121, 0.10230498607469778, 0.06063710439210791, 0.017168481927406692], "score": [[6, 10, 18, 10], [13, 18, 22, 13], [14, 11, 8, 23], [23, 23, 12, 13], [9, 7, 18, 12], [12, 12, 7, 11], [5, 10, 14, 5], [13, 9, 10, 9], [23, 22, 16, 13], [18, 6, 21, 9], [20, 21, 22, 15], [12, 20, 13, 12], [18, 21, 22, 18], [15, 12, 9, 8], [14, 22, 13, 16], [12, 12, 9, 18], [9, 8, 10, 7], [12, 13, 13, 13], [15, 22, 13, 17], [20, 19, 21, 20], [8, 21, 12, 10], [7, 6, 5, 18], [19, 23, 21, 11], [14, 15, 8, 8], [17, 9, 16, 7], [10, 11, 13, 14], [12, 5, 7, 10], [9, 14, 22, 18], [23, 9, 18, 21], [8, 12, 18, 15], [7, 12, 10, 8], [6, 12, 5, 11], [10, 21, 16, 21], [21, 23, 22, 23], [21, 21, 6, 12], [8, 14, 6, 17], [18, 15, 11, 6], [12, 21, 19, 16], [17, 13, 10, 13], [12, 5, 7, 11], [10, 21, 6, 21], [22, 18, 9, 19], [3, 11, 9, 10], [17, 11, 17, 6], [12, 8, 5, 7], [11, 22, 11, 8], [14, 18, 12, 15], [13, 20, 10, 5], [23, 24, 16, 18], [11, 22, 9, 8], [20, 19, 9, 7], [21, 19, 11, 19], [10, 20, 10, 18], [13, 9, 4, 15], [15, 23, 4, 7], [16, 5, 7, 17], [23, 15, 6, 8], [9, 6, 12, 19], [9, 7, 5, 7], [22, 15, 17, 13], [9, 23, 10, 10], [10, 16, 5, 18], [10, 11, 21, 21], [11, 16, 11, 7], [17, 22, 10, 12], [9, 22, 10, 15], [5, 18, 17, 7], [23, 15, 12, 17], [13, 5, 19, 9], [9, 10, 13, 19], [15, 16, 22, 22], [11, 4, 10, 8], [10, 7, 22, 21], [8, 18, 18, 22], [13, 10, 12, 11], [14, 13, 10, 13], [21, 7, 16, 15], [20, 15, 18, 20], [14, 6, 22, 6], [19, 21, 14, 18], [7, 12, 23, 19], [3, 6, 8, 8], [6, 6, 14, 5], [7, 14, 22, 9], [4, 9, 8, 10], [6, 8, 11, 8], [11, 10, 11, 13], [9, 10, 20, 9], [11, 9, 7, 13], [13, 6, 8, 12], [22, 8, 22, 14], [18, 13, 20, 18], [23, 20, 22, 15], [20, 7, 17, 11], [14, 8, 21, 8], [8, 22, 13, 6], [17, 21, 8, 7], [7, 6, 12, 13], [12, 11, 15, 15], [11, 17, 13, 9], [22, 5, 19, 13], [10, 22, 16, 9], [20, 15, 23, 11], [16, 11, 11, 23], [21, 11, 11, 19], [22, 10, 16, 14], [9, 3, 19, 20], [8, 7, 7, 9], [6, 11, 19, 12], [5, 16, 12, 4], [8, 20, 19, 15], [10, 21, 16, 22], [10, 5, 21, 13], [12, 7, 11, 8], [10, 18, 10, 8], [12, 8, 14, 7], [23, 13, 7, 9], [8, 18, 22, 22], [12, 7, 11, 18], [12, 10, 20, 13], [6, 12, 17, 9], [3, 9, 8, 5], [14, 22, 22, 23], [18, 8, 14, 12], [11, 4, 5, 12], [12, 13, 9, 9], [20, 17, 15, 24], [21, 6, 13, 6], [11, 23, 21, 10], [5, 15, 16, 20], [21, 6, 15, 7], [16, 8, 12, 4], [19, 7, 21, 3], [17, 12, 15, 10], [9, 12, 21, 8], [8, 13, 9, 6], [23, 18, 21, 12], [12, 6, 8, 6], [6, 8, 7, 10], [19, 17, 22, 15], [9, 9, 12, 12], [11, 13, 8, 9], [13, 14, 13, 11], [9, 8, 8, 12], [8, 7, 17, 22], [14, 9, 6, 8], [9, 13, 23, 8], [12, 21, 15, 6], [21, 18, 20, 21], [13, 7, 8, 7], [12, 17, 10, 8], [11, 10, 8, 6], [16, 8, 21, 13], [8, 10, 7, 5], [12, 7, 8, 8], [6, 12, 10, 21], [11, 23, 13, 10], [20, 23, 6, 6], [18, 11, 16, 23], [23, 12, 7, 12], [14, 13, 12, 22], [15, 11, 7, 6], [18, 8, 13, 11], [17, 17, 10, 15], [21, 7, 12, 6], [11, 20, 13, 17], [21, 8, 15, 23], [11, 6, 7, 17], [10, 6, 6, 8], [9, 22, 9, 23], [18, 17, 21, 21], [16, 15, 12, 19], [13, 11, 21, 13], [18, 17, 10, 12], [8, 13, 8, 23], [9, 6, 10, 6], [7, 22, 7, 21], [10, 8, 7, 14], [20, 22, 10, 12], [23, 13, 5, 11], [23, 20, 7, 21], [21, 12, 11, 15], [11, 19, 21, 15], [12, 9, 19, 20], [5, 7, 8, 11], [23, 17, 17, 11], [23, 21, 23, 3], [16, 18, 13, 17], [8, 14, 4, 20], [7, 10, 10, 8], [7, 12, 14, 7], [13, 12, 17, 21], [23, 6, 5, 21], [11, 6, 9, 11], [22, 22, 20, 15], [10, 23, 14, 6], [13, 13, 5, 21], [23, 6, 24, 6], [18, 7, 13, 13], [20, 12, 23, 22], [7, 11, 13, 12], [7, 15, 7, 19], [11, 11, 11, 15], [7, 21, 9, 20], [10, 10, 18, 23], [13, 12, 20, 9], [14, 5, 19, 18], [8, 15, 7, 10], [6, 8, 8, 21], [15, 20, 9, 10], [8, 10, 10, 6], [7, 12, 24, 16], [4, 10, 6, 12], [7, 9, 12, 12], [6, 17, 7, 8], [7, 10, 8, 8], [15, 7, 7, 8], [12, 11, 8, 13], [23, 18, 22, 13], [13, 6, 5, 20], [12, 10, 19, 21], [10, 8, 6, 12], [21, 16, 21, 7], [21, 7, 7, 9], [9, 18, 11, 11], [23, 21, 17, 21], [14, 22, 17, 21], [23, 9, 16, 21], [16, 8, 8, 9], [21, 6, 10, 22], [11, 17, 12, 16], [10, 10, 14, 17], [5, 8, 13, 14], [14, 11, 19, 11], [7, 8, 9, 6], [23, 18, 4, 7], [7, 10, 21, 20], [7, 10, 19, 14], [12, 10, 9, 22], [20, 13, 10, 8], [17, 7, 19, 9], [5, 10, 10, 5], [8, 15, 20, 19], [19, 15, 6, 10], [19, 15, 10, 17], [20, 6, 7, 17], [11, 14, 6, 16], [14, 7, 15, 15], [14, 8, 18, 9], [7, 13, 5, 11]], "permutation_factor": 0.16666666666666666, "mu_sigma": 0.3, "sigma_sigma": 0.05, "mu_correlation": 3.0, "sigma_correlation": 0.25, "sigma": 0.25, "correlation": 2.5}