{"m": 25, "N": 250, "muj": [0.0008301325572518483, 0.002348445225735081, 0.006485033937563454, 0.025042199059907195, 0.06196712221044106, 0.10135957842714273, 0.1212874329610312, 0.11252829373361967, 0.09732962046785144, 0.09596599403420776, 0.09881262246516592, 0.0919731360248394, 0.07409554285785953, 0.049937496805717414, 0.02738920403348741, 0.013348187239728197, 0.0063009628163073345, 0.0031566402862168094, 0.002154736048048465, 0.0018966389277649052, 0.0018083988197429616, 0.0018083988197429616, 0.0015391908252493343, 0.0006349914153778539], "mub": [0.0002087669863053992, 0.0006263009589162362, 0.0010638910935609242, 0.002161163753820567, 0.006675971979989048, 0.014479376415127945, 0.021595144155980416, 0.02618922983714644, 0.028634706735015784, 0.031391998418523616, 0.036280937434524846, 0.04254747078754772, 0.04941235753739216, 0.05509881237851807, 0.05768143075145984, 0.058803310387528104, 0.05950508656081802, 0.06303518348692769, 0.07127173563566445, 0.08619368557383915, 0.10703286673718121, 0.10230498607469778, 0.06063710439210791, 0.017168481927406692], "score": [[7, 5, 12, 9], [22, 21, 21, 13], [4, 24, 14, 5], [21, 16, 12, 8], [13, 6, 21, 22], [8, 20, 21, 20], [9, 22, 14, 18], [6, 20, 10, 14], [7, 22, 10, 7], [21, 23, 10, 16], [14, 20, 13, 19], [21, 5, 8, 12], [20, 15, 20, 22], [16, 10, 4, 16], [12, 19, 18, 6], [17, 10, 12, 13], [21, 10, 10, 18], [17, 12, 16, 11], [14, 20, 20, 11], [15, 17, 20, 8], [16, 20, 19, 14], [6, 8, 5, 9], [19, 14, 15, 9], [22, 10, 7, 16], [19, 15, 23, 22], [10, 11, 8, 14], [11, 15, 8, 18], [11, 9, 21, 6], [5, 13, 8, 12], [22, 20, 21, 22], [16, 15, 13, 13], [5, 9, 8, 12], [23, 5, 14, 13], [8, 17, 13, 10], [13, 6, 20, 5], [6, 19, 7, 12], [12, 14, 4, 14], [7, 21, 13, 18], [8, 9, 17, 8], [21, 12, 10, 5], [13, 10, 19, 12], [13, 12, 10, 12], [14, 11, 15, 16], [10, 15, 19, 15], [8, 10, 7, 11], [21, 14, 7, 15], [15, 19, 23, 22], [7, 22, 22, 15], [9, 18, 20, 19], [6, 7, 5, 18], [15, 11, 16, 19], [9, 9, 9, 22], [19, 11, 17, 16], [20, 7, 15, 21], [14, 7, 8, 8], [7, 16, 9, 17], [10, 12, 16, 12], [11, 8, 14, 15], [16, 15, 14, 17], [19, 12, 12, 12], [18, 22, 19, 12], [6, 9, 16, 14], [10, 9, 6, 19], [15, 22, 11, 22], [13, 10, 23, 6], [20, 13, 22, 7], [15, 20, 13, 7], [14, 23, 15, 9], [13, 18, 22, 15], [14, 21, 24, 14], [22, 9, 18, 9], [12, 19, 8, 14], [11, 7, 7, 10], [22, 13, 20, 20], [14, 9, 10, 5], [23, 15, 17, 10], [14, 12, 9, 20], [21, 14, 14, 16], [7, 7, 6, 9], [17, 12, 9, 13], [22, 15, 14, 22], [6, 16, 22, 17], [18, 20, 20, 20], [14, 17, 19, 12], [24, 8, 7, 21], [13, 19, 10, 10], [9, 8, 10, 7], [7, 7, 12, 6], [12, 14, 14, 10], [22, 19, 21, 20], [20, 17, 11, 6], [5, 7, 21, 20], [17, 9, 9, 20], [20, 13, 12, 22], [12, 8, 11, 5], [11, 8, 23, 12], [5, 9, 10, 11], [20, 23, 9, 5], [15, 15, 17, 10], [6, 6, 22, 20], [20, 13, 24, 21], [19, 22, 21, 21], [8, 19, 7, 16], [19, 16, 6, 7], [9, 6, 22, 7], [11, 14, 20, 20], [24, 16, 5, 6], [21, 22, 17, 13], [11, 13, 6, 7], [22, 5, 17, 16], [21, 21, 18, 12], [20, 9, 13, 18], [7, 6, 13, 8], [24, 21, 10, 9], [22, 20, 10, 22], [24, 15, 16, 20], [24, 23, 12, 10], [7, 7, 6, 10], [23, 7, 24, 9], [9, 9, 12, 18], [22, 14, 23, 21], [20, 15, 8, 22], [6, 8, 11, 4], [11, 15, 9, 6], [4, 19, 21, 12], [15, 20, 20, 13], [6, 8, 6, 12], [16, 21, 8, 10], [14, 10, 21, 19], [16, 18, 15, 21], [8, 21, 4, 16], [14, 16, 21, 4], [6, 6, 6, 6], [18, 23, 8, 7], [23, 21, 18, 5], [24, 20, 22, 17], [18, 16, 8, 8], [15, 18, 3, 19], [7, 9, 19, 14], [10, 19, 10, 10], [6, 12, 7, 6], [14, 23, 20, 21], [18, 18, 22, 13], [14, 20, 21, 8], [8, 18, 15, 16], [8, 22, 6, 10], [10, 23, 21, 14], [12, 4, 20, 16], [21, 9, 9, 21], [10, 8, 5, 5], [6, 16, 22, 6], [14, 15, 13, 12], [20, 8, 19, 6], [13, 16, 23, 22], [23, 21, 16, 19], [23, 22, 10, 15], [6, 11, 8, 16], [15, 23, 10, 5], [21, 17, 22, 21], [9, 18, 22, 13], [20, 9, 7, 14], [8, 14, 18, 12], [13, 14, 9, 10], [7, 9, 23, 7], [14, 13, 22, 16], [19, 11, 19, 15], [23, 22, 21, 7], [10, 10, 8, 5], [7, 13, 21, 23], [21, 6, 14, 19], [12, 18, 17, 14], [23, 19, 8, 8], [15, 16, 19, 19], [12, 19, 13, 9], [23, 21, 17, 12], [7, 21, 8, 8], [18, 4, 18, 15], [14, 7, 6, 21], [9, 13, 5, 14], [20, 12, 20, 11], [6, 12, 6, 7], [11, 19, 11, 24], [4, 13, 9, 21], [20, 18, 12, 13], [21, 18, 18, 23], [16, 13, 3, 23], [24, 22, 5, 11], [8, 20, 21, 13], [7, 11, 19, 10], [14, 2, 20, 19], [11, 16, 7, 11], [13, 8, 21, 6], [10, 23, 21, 12], [11, 7, 15, 12], [13, 8, 7, 8], [18, 23, 9, 19], [9, 8, 21, 8], [14, 20, 10, 10], [12, 14, 12, 10], [11, 11, 12, 21], [20, 6, 9, 19], [19, 14, 5, 22], [22, 10, 13, 10], [20, 10, 3, 21], [8, 8, 5, 8], [8, 23, 3, 12], [6, 21, 16, 11], [15, 6, 21, 21], [8, 9, 19, 8], [7, 6, 6, 8], [15, 13, 7, 5], [24, 20, 18, 21], [22, 21, 20, 15], [22, 22, 12, 11], [8, 10, 8, 4], [7, 12, 23, 23], [14, 22, 7, 5], [6, 8, 21, 12], [9, 7, 7, 10], [22, 21, 16, 22], [8, 12, 11, 11], [17, 4, 7, 10], [17, 18, 17, 15], [6, 21, 23, 12], [8, 11, 11, 10], [13, 7, 20, 18], [13, 12, 11, 13], [9, 9, 8, 21], [14, 6, 8, 9], [12, 18, 6, 7], [18, 14, 13, 6], [16, 18, 15, 21], [21, 15, 5, 15], [23, 10, 11, 15], [10, 14, 10, 22], [24, 15, 9, 5], [13, 6, 7, 11], [12, 5, 10, 11], [8, 6, 8, 5], [18, 14, 8, 14], [18, 24, 21, 24], [22, 22, 6, 8], [13, 11, 16, 5], [23, 20, 20, 12], [18, 20, 21, 13], [15, 11, 7, 13], [18, 20, 10, 21], [14, 6, 10, 6], [8, 9, 16, 11], [16, 4, 18, 10]], "permutation_factor": 0.16666666666666666, "mu_sigma": 0.3, "sigma_sigma": 0.05, "mu_correlation": 3.0, "sigma_correlation": 0.25, "sigma": 0.25, "correlation": 2.5}