{"m": 15, "N": 500, "muj": [0.0026003861391342502, 0.05990508427716547, 0.16625791075281784, 0.23375013145922904, 0.22432264855599146, 0.16274051534224224, 0.09232780878425503, 0.04084035045033519, 0.013610533237865713, 0.0031707346771413895, 0.00044582119525491375, 2.7737203839449472e-05, 3.379066867156439e-07, 1.8041157035011992e-11], "mub": [2.0144456112880374e-05, 0.0008556580556041203, 0.004607927646731128, 0.013352669494924953, 0.028394983800109127, 0.04987539989086523, 0.07653615630906237, 0.1056086371224687, 0.13281983068879966, 0.15254275340113738, 0.15815791193232803, 0.1427942673468731, 0.1009583954813376, 0.03347526437364571], "score": [4, 7, 4, 3, 8, 8, 5, 8, 3, 13, 9, 7, 13, 4, 12, 6, 5, 6, 4, 4, 8, 4, 8, 4, 5, 5, 2, 11, 6, 4, 5, 10, 12, 8, 4, 4, 6, 13, 3, 5, 7, 6, 5, 5, 7, 12, 4, 11, 2, 7, 4, 2, 8, 7, 8, 4, 5, 7, 7, 3, 4, 6, 7, 3, 3, 3, 7, 11, 12, 4, 7, 10, 3, 6, 11, 4, 8, 3, 8, 8, 4, 8, 5, 5, 13, 5, 14, 6, 5, 3, 6, 6, 3, 7, 3, 6, 5, 5, 6, 5, 3, 13, 13, 12, 5, 4, 12, 5, 8, 4, 6, 4, 11, 7, 12, 3, 4, 5, 7, 7, 6, 4, 5, 6, 14, 4, 4, 4, 5, 1, 5, 6, 8, 9, 11, 7, 5, 12, 4, 12, 8, 4, 2, 7, 11, 2, 7, 14, 6, 6, 9, 4, 7, 6, 6, 7, 7, 4, 5, 8, 13, 7, 5, 9, 3, 3, 7, 12, 8, 3, 5, 6, 13, 3, 5, 5, 4, 8, 4, 4, 6, 9, 7, 13, 3, 6, 8, 6, 5, 5, 6, 4, 4, 3, 6, 4, 7, 5, 6, 7, 7, 4, 3, 6, 4, 5, 8, 9, 5, 4, 8, 6, 8, 5, 4, 7, 5, 8, 13, 3, 5, 4, 7, 2, 14, 11, 5, 13, 11, 7, 8, 8, 4, 6, 6, 4, 5, 4, 9, 3, 3, 6, 8, 6, 7, 6, 4, 5, 8, 7, 9, 6, 5, 3, 5, 8, 4, 6, 3, 5, 7, 5, 5, 3, 4, 4, 7, 6, 3, 9, 6, 8, 13, 5, 4, 8, 9, 13, 7, 4, 6, 7, 12, 9, 5, 4, 12, 4, 8, 7, 8, 13, 7, 3, 4, 5, 12, 4, 9, 5, 5, 3, 7, 10, 4, 8, 3, 13, 3, 5, 2, 5, 6, 12, 9, 3, 6, 9, 5, 12, 7, 5, 8, 5, 6, 3, 6, 6, 3, 4, 3, 4, 3, 4, 7, 7, 4, 4, 4, 6, 2, 6, 9, 3, 13, 3, 8, 13, 7, 3, 5, 7, 5, 3, 3, 6, 3, 8, 9, 4, 5, 8, 12, 7, 4, 6, 4, 6, 4, 4, 8, 2, 8, 6, 3, 7, 8, 14, 5, 5, 6, 3, 4, 5, 7, 7, 6, 6, 6, 8, 6, 3, 6, 4, 14, 8, 5, 6, 12, 4, 6, 7, 13, 9, 12, 5, 7, 4, 6, 6, 10, 5, 4, 4, 8, 13, 6, 6, 8, 6, 4, 6, 5, 8, 7, 5, 3, 5, 11, 8, 4, 4, 5, 6, 4, 8, 6, 11, 6, 6, 6, 5, 5, 14, 10, 5, 4, 5, 4, 12, 8, 9, 5, 6, 5, 9, 7, 4, 5, 13, 5, 5, 12, 5, 7, 4, 13, 4, 6, 5, 5, 4, 4, 6, 7, 6, 5, 4, 11, 9, 6, 4, 7, 12, 5, 7, 5, 3, 7, 9, 4, 7, 6, 11, 7, 8, 3, 7, 8, 5], "permutation_factor": 0.16666666666666666, "mu_sigma": 0.2, "sigma_sigma": 0.1, "mu_correlation": 2.0, "sigma_correlation": 0.5, "sigma": 0.25, "correlation": 2.5}