{"m": 25, "N": 100, "muj": [0.0008301325572518483, 0.002348445225735081, 0.006485033937563454, 0.025042199059907195, 0.06196712221044106, 0.10135957842714273, 0.1212874329610312, 0.11252829373361967, 0.09732962046785144, 0.09596599403420776, 0.09881262246516592, 0.0919731360248394, 0.07409554285785953, 0.049937496805717414, 0.02738920403348741, 0.013348187239728197, 0.0063009628163073345, 0.0031566402862168094, 0.002154736048048465, 0.0018966389277649052, 0.0018083988197429616, 0.0018083988197429616, 0.0015391908252493343, 0.0006349914153778539], "mub": [0.0002087669863053992, 0.0006263009589162362, 0.0010638910935609242, 0.002161163753820567, 0.006675971979989048, 0.014479376415127945, 0.021595144155980416, 0.02618922983714644, 0.028634706735015784, 0.031391998418523616, 0.036280937434524846, 0.04254747078754772, 0.04941235753739216, 0.05509881237851807, 0.05768143075145984, 0.058803310387528104, 0.05950508656081802, 0.06303518348692769, 0.07127173563566445, 0.08619368557383915, 0.10703286673718121, 0.10230498607469778, 0.06063710439210791, 0.017168481927406692], "score": [[20, 8, 19, 11], [11, 4, 9, 6], [8, 18, 13, 14], [20, 7, 11, 12], [7, 10, 8, 4], [15, 18, 17, 16], [13, 7, 8, 20], [9, 12, 18, 8], [21, 7, 21, 8], [15, 8, 14, 17], [13, 19, 13, 8], [6, 18, 11, 10], [13, 8, 16, 15], [14, 10, 20, 18], [6, 8, 7, 8], [8, 23, 7, 18], [10, 12, 22, 14], [16, 18, 11, 11], [11, 7, 23, 5], [23, 18, 23, 20], [12, 19, 13, 9], [20, 8, 16, 7], [13, 12, 7, 13], [14, 20, 21, 13], [3, 15, 6, 10], [21, 16, 15, 13], [6, 7, 19, 21], [20, 13, 22, 12], [11, 21, 12, 6], [21, 10, 21, 11], [20, 22, 14, 14], [12, 15, 8, 14], [24, 20, 5, 8], [11, 20, 18, 23], [6, 17, 11, 22], [13, 10, 8, 12], [18, 22, 8, 11], [18, 12, 14, 7], [16, 10, 8, 6], [14, 11, 6, 9], [22, 22, 10, 11], [16, 16, 10, 8], [20, 11, 6, 22], [17, 8, 18, 9], [7, 11, 20, 19], [13, 22, 12, 22], [20, 11, 6, 13], [11, 9, 6, 4], [22, 8, 10, 10], [10, 8, 7, 10], [20, 20, 8, 15], [21, 20, 8, 5], [21, 10, 22, 18], [7, 24, 8, 20], [7, 8, 12, 11], [9, 13, 8, 19], [20, 22, 5, 21], [19, 15, 21, 20], [21, 23, 21, 9], [12, 22, 7, 21], [12, 12, 20, 21], [12, 8, 21, 8], [10, 19, 17, 20], [23, 14, 18, 21], [9, 23, 18, 23], [8, 8, 8, 4], [23, 7, 11, 8], [9, 9, 20, 16], [15, 7, 8, 20], [12, 8, 6, 15], [18, 20, 12, 5], [20, 17, 22, 21], [6, 11, 20, 8], [6, 15, 22, 14], [16, 8, 9, 21], [8, 7, 5, 5], [7, 18, 16, 9], [9, 5, 22, 13], [7, 12, 19, 16], [14, 6, 22, 14], [14, 21, 9, 11], [18, 8, 9, 16], [8, 15, 21, 18], [20, 7, 17, 22], [12, 17, 23, 15], [16, 8, 17, 7], [21, 14, 14, 9], [10, 14, 18, 13], [21, 6, 6, 16], [12, 9, 7, 19], [22, 20, 22, 14], [20, 17, 13, 12], [15, 8, 7, 20], [7, 8, 11, 13], [21, 21, 6, 8], [11, 18, 22, 8], [21, 21, 14, 11], [23, 20, 23, 19], [4, 6, 9, 8], [14, 6, 14, 13]], "permutation_factor": 0.16666666666666666, "mu_sigma": 0.3, "sigma_sigma": 0.05, "mu_correlation": 3.0, "sigma_correlation": 0.25, "sigma": 0.25, "correlation": 2.5}