{"m": 25, "N": 250, "muj": [0.0008301325572518483, 0.002348445225735081, 0.006485033937563454, 0.025042199059907195, 0.06196712221044106, 0.10135957842714273, 0.1212874329610312, 0.11252829373361967, 0.09732962046785144, 0.09596599403420776, 0.09881262246516592, 0.0919731360248394, 0.07409554285785953, 0.049937496805717414, 0.02738920403348741, 0.013348187239728197, 0.0063009628163073345, 0.0031566402862168094, 0.002154736048048465, 0.0018966389277649052, 0.0018083988197429616, 0.0018083988197429616, 0.0015391908252493343, 0.0006349914153778539], "mub": [0.0002087669863053992, 0.0006263009589162362, 0.0010638910935609242, 0.002161163753820567, 0.006675971979989048, 0.014479376415127945, 0.021595144155980416, 0.02618922983714644, 0.028634706735015784, 0.031391998418523616, 0.036280937434524846, 0.04254747078754772, 0.04941235753739216, 0.05509881237851807, 0.05768143075145984, 0.058803310387528104, 0.05950508656081802, 0.06303518348692769, 0.07127173563566445, 0.08619368557383915, 0.10703286673718121, 0.10230498607469778, 0.06063710439210791, 0.017168481927406692], "score": [[9, 13, 19, 6], [5, 23, 4, 11], [19, 21, 14, 22], [12, 12, 10, 22], [21, 11, 10, 18], [7, 5, 7, 6], [5, 11, 10, 13], [15, 21, 14, 22], [22, 20, 7, 6], [9, 13, 13, 19], [10, 10, 5, 8], [11, 12, 16, 7], [5, 21, 13, 22], [6, 10, 14, 18], [17, 10, 10, 14], [15, 18, 23, 17], [5, 13, 15, 19], [19, 5, 14, 8], [11, 8, 15, 10], [15, 13, 21, 10], [15, 20, 12, 12], [20, 22, 20, 15], [4, 19, 21, 16], [19, 20, 11, 16], [7, 11, 21, 22], [13, 22, 10, 15], [19, 20, 9, 13], [22, 19, 10, 12], [17, 12, 18, 6], [12, 6, 22, 21], [16, 12, 15, 12], [12, 6, 12, 10], [8, 6, 14, 11], [7, 21, 18, 13], [5, 7, 17, 22], [6, 13, 22, 5], [7, 9, 7, 22], [12, 13, 18, 19], [8, 8, 5, 12], [19, 8, 6, 13], [7, 10, 8, 12], [14, 14, 19, 23], [14, 22, 13, 14], [12, 3, 7, 6], [21, 6, 15, 8], [16, 11, 8, 16], [6, 10, 10, 5], [7, 22, 22, 10], [8, 14, 20, 12], [9, 12, 6, 5], [7, 11, 21, 7], [16, 10, 5, 8], [12, 11, 20, 8], [13, 11, 21, 10], [12, 17, 21, 17], [21, 21, 20, 14], [18, 22, 20, 18], [11, 11, 7, 14], [14, 19, 14, 9], [21, 9, 15, 21], [8, 8, 6, 21], [7, 20, 11, 12], [15, 22, 5, 11], [6, 7, 13, 6], [14, 19, 15, 7], [22, 11, 18, 11], [19, 7, 9, 10], [8, 18, 13, 13], [13, 10, 19, 15], [23, 21, 11, 9], [10, 17, 11, 3], [17, 12, 10, 21], [12, 9, 20, 17], [7, 5, 10, 12], [10, 6, 16, 7], [8, 8, 7, 8], [12, 22, 11, 13], [22, 20, 14, 15], [11, 14, 13, 19], [10, 11, 7, 5], [23, 20, 22, 11], [8, 4, 8, 19], [8, 5, 5, 5], [12, 4, 13, 14], [6, 20, 16, 21], [14, 5, 6, 11], [20, 3, 12, 4], [9, 16, 14, 6], [20, 18, 16, 23], [22, 5, 24, 5], [8, 10, 15, 22], [16, 13, 9, 22], [7, 9, 16, 7], [13, 13, 18, 22], [17, 16, 21, 15], [12, 16, 8, 5], [12, 6, 18, 7], [17, 20, 11, 23], [12, 6, 13, 23], [13, 5, 9, 15], [9, 15, 10, 8], [20, 4, 19, 12], [14, 6, 10, 7], [16, 14, 12, 5], [21, 12, 18, 7], [6, 13, 21, 6], [18, 12, 7, 19], [21, 7, 16, 15], [22, 8, 14, 9], [22, 12, 15, 12], [13, 21, 6, 19], [9, 9, 22, 11], [8, 16, 8, 4], [13, 8, 11, 19], [23, 19, 9, 7], [21, 22, 13, 13], [11, 9, 19, 6], [10, 6, 9, 5], [20, 11, 9, 18], [6, 9, 19, 21], [7, 10, 10, 13], [17, 6, 23, 12], [9, 22, 7, 23], [22, 21, 11, 10], [20, 6, 21, 21], [18, 12, 24, 10], [8, 11, 14, 10], [13, 20, 16, 8], [11, 14, 9, 22], [11, 19, 11, 17], [11, 13, 15, 8], [13, 14, 24, 5], [8, 9, 13, 8], [10, 13, 9, 15], [13, 4, 16, 22], [23, 13, 11, 15], [11, 8, 21, 21], [13, 12, 8, 21], [9, 3, 22, 11], [23, 14, 13, 13], [16, 14, 22, 6], [17, 4, 20, 4], [15, 16, 11, 13], [12, 11, 12, 8], [13, 17, 11, 9], [17, 9, 7, 16], [7, 5, 9, 6], [22, 22, 21, 21], [8, 10, 6, 13], [7, 5, 12, 14], [4, 8, 8, 8], [20, 19, 23, 21], [23, 11, 18, 21], [14, 21, 10, 7], [22, 10, 7, 6], [15, 13, 19, 22], [19, 13, 21, 23], [7, 15, 14, 17], [21, 19, 22, 17], [7, 5, 14, 22], [20, 10, 11, 16], [8, 12, 9, 11], [8, 9, 6, 20], [23, 14, 4, 13], [15, 20, 4, 12], [9, 6, 9, 8], [15, 7, 11, 11], [16, 19, 22, 1], [8, 13, 8, 11], [10, 20, 12, 16], [12, 12, 5, 22], [10, 9, 16, 22], [14, 14, 13, 22], [6, 9, 8, 12], [13, 13, 9, 12], [22, 12, 12, 9], [7, 14, 9, 8], [12, 22, 12, 17], [17, 18, 13, 21], [20, 13, 5, 21], [15, 10, 8, 13], [15, 4, 16, 6], [20, 17, 21, 10], [23, 19, 13, 20], [7, 9, 6, 13], [19, 6, 20, 8], [5, 21, 14, 6], [21, 7, 6, 22], [7, 12, 9, 7], [16, 21, 16, 19], [22, 22, 21, 23], [22, 12, 13, 17], [6, 9, 8, 13], [7, 10, 8, 12], [21, 23, 12, 7], [22, 16, 15, 14], [7, 5, 20, 14], [22, 14, 10, 19], [11, 6, 11, 9], [22, 21, 9, 6], [9, 13, 7, 6], [16, 15, 9, 16], [10, 12, 17, 19], [14, 18, 10, 13], [22, 11, 21, 6], [7, 15, 23, 22], [6, 11, 12, 4], [18, 20, 20, 18], [11, 11, 6, 12], [23, 16, 15, 14], [10, 24, 23, 23], [14, 8, 23, 5], [23, 16, 14, 13], [10, 19, 14, 6], [7, 7, 10, 7], [15, 21, 6, 18], [11, 4, 4, 12], [10, 19, 15, 11], [13, 19, 22, 19], [2, 6, 10, 19], [6, 7, 14, 7], [9, 20, 22, 7], [17, 13, 12, 11], [8, 10, 18, 14], [13, 12, 16, 19], [16, 13, 7, 14], [20, 8, 11, 15], [23, 18, 5, 12], [20, 7, 8, 7], [20, 14, 24, 21], [21, 16, 21, 21], [10, 5, 12, 22], [11, 20, 8, 22], [5, 8, 20, 15], [16, 24, 14, 13], [9, 11, 7, 11], [11, 23, 13, 11], [20, 16, 10, 22], [17, 18, 10, 24], [13, 11, 13, 9], [22, 10, 9, 16], [14, 13, 10, 8], [9, 22, 14, 7], [9, 17, 22, 8], [9, 20, 8, 15], [17, 3, 7, 17], [18, 15, 18, 15], [22, 19, 16, 10], [19, 4, 9, 19], [9, 9, 7, 9]], "permutation_factor": 0.16666666666666666, "mu_sigma": 0.3, "sigma_sigma": 0.05, "mu_correlation": 3.0, "sigma_correlation": 0.25, "sigma": 0.25, "correlation": 2.5}