{"m": 15, "N": 500, "muj": [0.0026003861391342502, 0.05990508427716547, 0.16625791075281784, 0.23375013145922904, 0.22432264855599146, 0.16274051534224224, 0.09232780878425503, 0.04084035045033519, 0.013610533237865713, 0.0031707346771413895, 0.00044582119525491375, 2.7737203839449472e-05, 3.379066867156439e-07, 1.8041157035011992e-11], "mub": [2.0144456112880374e-05, 0.0008556580556041203, 0.004607927646731128, 0.013352669494924953, 0.028394983800109127, 0.04987539989086523, 0.07653615630906237, 0.1056086371224687, 0.13281983068879966, 0.15254275340113738, 0.15815791193232803, 0.1427942673468731, 0.1009583954813376, 0.03347526437364571], "sigma0": 50, "sigma1": 50, "score": [7, 6, 6, 8, 9, 6, 9, 3, 8, 8, 13, 7, 6, 9, 5, 7, 6, 6, 6, 12, 5, 3, 7, 4, 5, 5, 6, 4, 4, 4, 3, 4, 5, 6, 6, 10, 11, 3, 4, 4, 5, 7, 4, 3, 9, 7, 7, 4, 3, 3, 4, 9, 6, 6, 9, 8, 4, 9, 11, 12, 6, 12, 6, 4, 4, 5, 4, 6, 6, 5, 9, 8, 12, 8, 14, 8, 6, 8, 11, 3, 5, 8, 13, 5, 4, 3, 2, 4, 9, 3, 6, 4, 12, 6, 5, 4, 9, 5, 4, 5, 7, 4, 3, 5, 8, 8, 4, 7, 5, 8, 8, 7, 9, 4, 12, 4, 3, 5, 5, 6, 6, 4, 5, 4, 5, 9, 7, 5, 6, 8, 3, 9, 7, 6, 5, 13, 9, 9, 13, 8, 8, 2, 4, 10, 6, 4, 7, 4, 8, 14, 13, 3, 4, 3, 2, 4, 3, 4, 6, 12, 4, 4, 5, 7, 5, 7, 7, 7, 5, 4, 4, 3, 3, 5, 9, 3, 6, 7, 4, 9, 8, 5, 10, 5, 12, 5, 6, 4, 9, 6, 10, 11, 13, 7, 5, 5, 8, 9, 5, 4, 9, 9, 10, 4, 3, 5, 4, 4, 2, 6, 14, 4, 5, 5, 4, 7, 7, 5, 4, 5, 8, 4, 5, 14, 13, 11, 3, 8, 3, 8, 5, 7, 4, 5, 8, 9, 8, 12, 9, 10, 4, 5, 6, 8, 11, 6, 10, 4, 5, 6, 5, 7, 9, 5, 5, 5, 7, 7, 5, 8, 4, 7, 5, 8, 5, 5, 4, 3, 7, 9, 6, 6, 4, 8, 5, 3, 6, 3, 5, 8, 4, 13, 8, 9, 14, 4, 5, 8, 8, 8, 7, 3, 4, 3, 8, 8, 6, 13, 5, 10, 5, 3, 5, 4, 5, 5, 6, 5, 7, 14, 7, 8, 13, 7, 4, 4, 6, 9, 3, 7, 14, 9, 4, 6, 6, 6, 4, 5, 3, 10, 8, 4, 5, 5, 6, 5, 3, 12, 6, 5, 5, 7, 6, 6, 6, 4, 5, 5, 2, 8, 4, 3, 3, 3, 8, 6, 5, 4, 6, 7, 9, 8, 8, 11, 5, 5, 4, 7, 6, 4, 9, 4, 3, 12, 11, 6, 11, 8, 1, 5, 10, 5, 14, 9, 13, 4, 4, 8, 6, 8, 5, 13, 4, 3, 3, 4, 4, 13, 4, 5, 6, 5, 12, 9, 12, 6, 8, 4, 5, 6, 1, 3, 9, 8, 7, 3, 6, 10, 5, 7, 4, 8, 8, 5, 6, 12, 7, 12, 5, 5, 13, 5, 9, 4, 10, 7, 5, 5, 5, 12, 4, 7, 5, 7, 8, 5, 6, 6, 12, 5, 9, 3, 13, 5, 3, 5, 6, 11, 5, 5, 6, 8, 8, 3, 4, 4, 3, 8, 4, 8, 4, 7, 5, 5, 8, 10, 4, 5, 6, 13, 6, 5, 5, 7, 8, 4, 11, 7, 4, 6, 13, 6, 10, 13, 7, 5, 6, 3, 9, 7], "permutation_factor": 0.16666666666666666}