{"m": 25, "N": 250, "muj": [0.00026470544176951426, 0.008297401294964117, 0.032641295192780063, 0.06837812666816664, 0.10401734016817481, 0.12935786407863148, 0.13921637387261152, 0.13369348065298536, 0.11656317934942335, 0.09314547474043704, 0.06851359219794467, 0.046404284674850006, 0.028850191368241934, 0.016355102213184123, 0.008363512261517549, 0.0037962830130822997, 0.0014938292173586592, 0.0004920163931762154, 0.00012852313609258405, 2.4390448591374603e-05, 2.878114339025749e-06, 1.5386017106388004e-07, 1.641428304961554e-09, 7.79480184558857e-14], "mub": [1.819321282309281e-06, 8.057997182750407e-05, 0.00045500656423032407, 0.0013919064214494763, 0.0031511321688576974, 0.005955436942719867, 0.009969511208920563, 0.015284418095174196, 0.02190586564017813, 0.0297455619637335, 0.038615291201618274, 0.04822358734906818, 0.058175068435368495, 0.0679726763999321, 0.07702329106807554, 0.08464750419904458, 0.09009484467094296, 0.09256662362350072, 0.09125023007789623, 0.08537217360849174, 0.07428534180859303, 0.057628747058455485, 0.035680624260162205, 0.010522757940476761], "sigma0": 50, "sigma1": 50, "score": [[20, 8, 19, 11], [11, 4, 9, 6], [8, 18, 13, 14], [20, 7, 11, 12], [7, 10, 8, 4], [15, 18, 17, 16], [13, 7, 8, 20], [9, 12, 18, 8], [21, 7, 21, 8], [15, 8, 14, 17], [13, 19, 13, 8], [6, 18, 11, 10], [13, 8, 16, 15], [14, 10, 20, 18], [6, 8, 7, 8], [8, 23, 7, 18], [10, 12, 22, 14], [16, 18, 11, 11], [11, 7, 23, 5], [23, 18, 23, 20], [12, 19, 13, 9], [20, 8, 16, 7], [13, 12, 7, 13], [14, 20, 21, 13], [3, 15, 6, 10], [21, 16, 15, 13], [6, 7, 19, 21], [20, 13, 22, 12], [11, 21, 12, 6], [21, 10, 21, 11], [20, 22, 14, 14], [12, 15, 8, 14], [24, 20, 5, 8], [11, 20, 18, 23], [6, 17, 11, 22], [13, 10, 8, 12], [18, 22, 8, 11], [18, 12, 14, 7], [16, 10, 8, 6], [14, 11, 6, 9], [22, 22, 10, 11], [16, 16, 10, 8], [20, 11, 6, 22], [17, 8, 18, 9], [7, 11, 20, 19], [13, 22, 12, 22], [20, 11, 6, 13], [11, 9, 6, 4], [22, 8, 10, 10], [10, 8, 7, 10], [20, 20, 8, 15], [21, 20, 8, 5], [21, 10, 22, 18], [7, 24, 8, 20], [7, 8, 12, 11], [9, 13, 8, 19], [20, 22, 5, 21], [19, 15, 21, 20], [21, 23, 21, 9], [12, 22, 7, 21], [12, 12, 20, 21], [12, 8, 21, 8], [10, 19, 17, 20], [23, 14, 18, 21], [9, 23, 18, 23], [8, 8, 8, 4], [23, 7, 11, 8], [9, 9, 20, 16], [15, 7, 8, 20], [12, 8, 6, 15], [18, 20, 12, 5], [20, 17, 22, 21], [6, 11, 20, 8], [6, 15, 22, 14], [16, 8, 9, 21], [8, 7, 5, 5], [7, 18, 16, 9], [9, 5, 22, 13], [7, 12, 19, 16], [14, 6, 22, 14], [14, 21, 9, 11], [18, 8, 9, 16], [8, 15, 21, 18], [20, 7, 17, 22], [12, 17, 23, 15], [16, 8, 17, 7], [21, 14, 14, 9], [10, 14, 18, 13], [21, 6, 6, 16], [12, 9, 7, 19], [22, 20, 22, 14], [20, 17, 13, 12], [15, 8, 7, 20], [7, 8, 11, 13], [21, 21, 6, 8], [11, 18, 22, 8], [21, 21, 14, 11], [23, 20, 23, 19], [4, 6, 9, 8], [14, 6, 14, 13], [13, 12, 9, 9], [21, 20, 12, 12], [6, 6, 13, 13], [7, 7, 12, 10], [21, 17, 23, 10], [19, 21, 22, 21], [12, 6, 8, 7], [14, 23, 11, 16], [23, 10, 11, 21], [11, 9, 22, 19], [15, 13, 7, 22], [15, 16, 22, 18], [10, 24, 21, 14], [8, 6, 14, 15], [8, 15, 7, 10], [15, 15, 21, 15], [4, 9, 13, 7], [10, 13, 10, 12], [13, 8, 22, 14], [6, 12, 20, 22], [8, 13, 10, 12], [11, 14, 9, 20], [13, 6, 13, 21], [11, 5, 13, 23], [12, 6, 9, 8], [11, 7, 7, 7], [21, 10, 12, 8], [14, 22, 10, 22], [7, 11, 9, 20], [7, 10, 11, 10], [8, 8, 12, 8], [7, 12, 7, 8], [7, 5, 6, 9], [19, 24, 22, 14], [15, 9, 8, 10], [22, 8, 23, 15], [15, 16, 20, 20], [12, 12, 7, 9], [19, 11, 18, 6], [20, 14, 16, 22], [22, 13, 9, 4], [21, 21, 21, 22], [10, 6, 10, 9], [8, 20, 11, 6], [22, 15, 15, 8], [11, 12, 6, 8], [21, 21, 15, 22], [24, 16, 19, 16], [22, 7, 22, 22], [18, 12, 9, 7], [12, 23, 8, 20], [22, 19, 13, 11], [18, 5, 16, 10], [24, 8, 22, 11], [9, 18, 11, 15], [9, 12, 19, 23], [7, 10, 7, 11], [20, 12, 5, 5], [15, 5, 21, 8], [12, 12, 21, 19], [14, 14, 7, 22], [8, 4, 9, 17], [20, 14, 16, 13], [12, 17, 9, 20], [14, 14, 4, 8], [5, 11, 11, 9], [4, 9, 11, 7], [14, 5, 12, 11], [23, 15, 8, 23], [20, 16, 21, 10], [11, 9, 5, 11], [7, 15, 13, 6], [17, 21, 15, 9], [5, 22, 14, 20], [10, 13, 15, 17], [11, 11, 18, 17], [11, 20, 15, 11], [11, 18, 4, 16], [19, 15, 13, 9], [6, 5, 10, 5], [19, 7, 16, 17], [22, 10, 8, 10], [11, 20, 5, 14], [20, 8, 18, 6], [21, 18, 14, 10], [6, 18, 22, 12], [11, 22, 11, 11], [14, 8, 13, 14], [5, 6, 4, 10], [16, 20, 20, 23], [7, 7, 11, 17], [20, 10, 17, 10], [20, 21, 19, 17], [18, 8, 13, 10], [19, 14, 6, 21], [8, 3, 5, 6], [20, 17, 16, 12], [22, 14, 19, 2], [5, 12, 16, 7], [23, 9, 23, 11], [6, 19, 7, 15], [9, 8, 5, 5], [24, 12, 12, 8], [22, 16, 18, 20], [12, 22, 21, 22], [24, 12, 11, 10], [3, 21, 15, 21], [19, 7, 13, 6], [7, 19, 8, 16], [18, 20, 20, 18], [4, 8, 18, 16], [8, 13, 11, 22], [11, 5, 6, 12], [16, 13, 11, 12], [20, 17, 22, 16], [20, 6, 20, 9], [6, 10, 12, 15], [17, 8, 12, 6], [7, 12, 7, 21], [20, 18, 12, 13], [15, 21, 18, 19], [5, 22, 13, 21], [20, 8, 12, 10], [19, 18, 21, 6], [7, 19, 14, 22], [8, 12, 19, 19], [24, 17, 20, 15], [15, 23, 17, 7], [5, 8, 13, 6], [12, 8, 14, 15], [7, 8, 17, 20], [10, 22, 15, 14], [10, 8, 21, 8], [10, 10, 7, 11], [13, 10, 23, 13], [19, 13, 23, 2], [15, 12, 14, 15], [12, 11, 12, 10], [6, 20, 21, 9], [10, 16, 13, 6], [8, 20, 15, 13], [21, 19, 12, 22], [20, 24, 17, 19], [11, 8, 7, 10], [17, 18, 7, 6], [20, 8, 5, 20], [11, 19, 13, 19], [7, 9, 7, 8], [18, 13, 9, 5], [6, 6, 6, 6]], "permutation_factor": 0.16666666666666666}